Case_ID	CORT	RAD54L	MSH4	HFM1	SYCP1	NUCKS1	BARD1	FANCD2	TOP2B	MLH1	TOPBP1	RNF212	MND1	TRIP13	PRDM9	ANKRD31	RAD50	UBE2B	MSH5	UBR2	KLHDC3	NBN	RAD54B	RAD21	RMI1	MUS81	ATM	RAD51AP1	CCNB1IP1	RNF212B	REC8	FANCM	RAD51B	MLH3	RAD51	EME2	MEIOB	MEIOB	SLX4	ERCC4	PRDM7	RAD51D	TOP2A	PSMC3IP	CNTD1	BRCA1	EME1	RAD51C	BRIP1	TEX19	RBBP8	SPO11	HSF2BP	DMC1	HDAC10	SYCE3
TCGA-WK-A8XT	1.0	1.0	1.0	1.0	1.0	0.0	0.0	1.0	1.0	1.0	0.0	0.0	0.0	0.0	0.0	0.0	0.0	0.0	0.0	0.0	0.0	0.0	0.0	0.0	0.0	0.0	0.0	0.0	0.0	0.0	0.0	0.0	0.0	0.0	0.0	0.0	0.0	0.0	0.0	0.0	0.0	0.0	0.0	0.0	0.0	0.0	0.0	0.0	0.0	0.0	0.0	0.0	0.0	0.0	0.0	0.0
TCGA-IE-A4EJ	2.0	1.0	1.0	1.0	1.0	0.0	0.0	0.0	0.0	0.0	0.0	5.0	0.0	5.0	6.0	3.0	2.0	2.0	2.0	2.0	2.0	0.0	0.0	0.0	1.0	0.0	1.0	0.0	2.0	2.0	2.0	2.0	0.0	0.0	0.0	1.0	1.0	1.0	1.0	2.0	0.0	0.0	0.0	0.0	0.0	0.0	1.0	0.0	0.0	0.0	0.0	6.0	0.0	1.0	1.0	1.0
TCGA-DX-A6YV	2.0	1.0	1.0	1.0	1.0	0.0	0.0	2.0	0.0	0.0	0.0	0.0	1.0	0.0	0.0	0.0	0.0	0.0	2.0	2.0	2.0	1.0	1.0	1.0	2.0	2.0	2.0	1.0	1.0	0.0	0.0	1.0	1.0	1.0	0.0	1.0	1.0	1.0	1.0	1.0	0.0	0.0	0.0	0.0	0.0	0.0	1.0	3.0	3.0	1.0	0.0	0.0	2.0	0.0	1.0	1.0
TCGA-SG-A6Z7	2.0	2.0	2.0	2.0	2.0	1.0	1.0	1.0	1.0	1.0	1.0	2.0	1.0	2.0	2.0	2.0	2.0	2.0	4.0	4.0	4.0	7.0	7.0	4.0	1.0	1.0	1.0	0.0	2.0	2.0	2.0	2.0	2.0	2.0	2.0	2.0	2.0	2.0	2.0	2.0	1.0	0.0	0.0	0.0	0.0	0.0	3.0	3.0	3.0	3.0	1.0	1.0	2.0	1.0	0.0	0.0
TCGA-DX-A240	0.0	0.0	0.0	0.0	0.0	0.0	0.0	0.0	0.0	0.0	0.0	0.0	0.0	0.0	0.0	0.0	0.0	0.0	0.0	0.0	0.0	0.0	0.0	0.0	0.0	0.0	0.0	0.0	0.0	1.0	1.0	1.0	1.0	1.0	0.0	0.0	0.0	0.0	0.0	0.0	0.0	0.0	0.0	0.0	0.0	0.0	0.0	0.0	0.0	0.0	0.0	0.0	0.0	0.0	0.0	0.0
TCGA-X6-A7WD	0.0	0.0	2.0	2.0	2.0	2.0	2.0	2.0	2.0	2.0	2.0	2.0	1.0	2.0	2.0	1.0	1.0	1.0	2.0	2.0	2.0	2.0	2.0	2.0	2.0	2.0	2.0	2.0	2.0	2.0	2.0	2.0	2.0	2.0	4.0	2.0	2.0	2.0	2.0	2.0	1.0	2.0	2.0	2.0	2.0	2.0	2.0	2.0	2.0	2.0	2.0	2.0	2.0	2.0	2.0	2.0
TCGA-JV-A5VE	0.0	0.0	0.0	0.0	0.0	0.0	0.0	0.0	0.0	0.0	0.0	0.0	2.0	0.0	0.0	0.0	0.0	0.0	0.0	0.0	0.0	1.0	0.0	0.0	0.0	1.0	0.0	1.0	0.0	0.0	0.0	1.0	1.0	1.0	1.0	0.0	0.0	0.0	0.0	0.0	1.0	0.0	0.0	0.0	1.0	1.0	0.0	0.0	0.0	1.0	1.0	0.0	1.0	0.0	1.0	1.0
TCGA-HS-A5N8	1.0	1.0	0.0	0.0	0.0	2.0	0.0	0.0	0.0	0.0	1.0	0.0	0.0	2.0	2.0	2.0	1.0	1.0	2.0	2.0	2.0	2.0	2.0	0.0	0.0	0.0	3.0	1.0	0.0	0.0	0.0	0.0	0.0	0.0	1.0	0.0	0.0	0.0	0.0	0.0	1.0	2.0	0.0	0.0	0.0	0.0	4.0	4.0	4.0	3.0	1.0	2.0	2.0	4.0	1.0	1.0
TCGA-DX-AB2G	2.0	2.0	2.0	0.0	2.0	2.0	2.0	2.0	2.0	2.0	2.0	2.0	2.0	0.0	6.0	2.0	2.0	2.0	2.0	2.0	2.0	2.0	2.0	2.0	2.0	4.0	0.0	2.0	2.0	2.0	2.0	2.0	2.0	2.0	2.0	2.0	2.0	2.0	2.0	2.0	2.0	2.0	2.0	2.0	2.0	2.0	2.0	2.0	2.0	2.0	2.0	2.0	2.0	2.0	2.0	2.0
TCGA-MJ-A68H	0.0	1.0	1.0	1.0	1.0	1.0	1.0	4.0	4.0	4.0	1.0	4.0	4.0	3.0	3.0	2.0	2.0	2.0	1.0	1.0	1.0	2.0	2.0	2.0	0.0	1.0	1.0	0.0	2.0	3.0	3.0	3.0	3.0	3.0	3.0	2.0	2.0	2.0	2.0	2.0	0.0	1.0	1.0	1.0	1.0	1.0	1.0	1.0	1.0	1.0	1.0	1.0	3.0	4.0	2.0	2.0
TCGA-LI-A9QH	2.0	1.0	1.0	1.0	1.0	0.0	1.0	4.0	5.0	1.0	1.0	1.0	1.0	0.0	2.0	0.0	1.0	1.0	1.0	1.0	1.0	1.0	1.0	3.0	2.0	0.0	10.0	0.0	1.0	1.0	1.0	1.0	0.0	0.0	3.0	1.0	1.0	1.0	1.0	1.0	0.0	1.0	1.0	1.0	1.0	1.0	3.0	2.0	2.0	0.0	1.0	1.0	0.0	2.0	1.0	1.0
TCGA-DX-A7EI	1.0	1.0	1.0	1.0	1.0	1.0	1.0	1.0	1.0	1.0	1.0	0.0	1.0	10.0	3.0	0.0	0.0	0.0	0.0	0.0	0.0	0.0	0.0	0.0	2.0	0.0	0.0	2.0	2.0	2.0	2.0	2.0	2.0	2.0	1.0	1.0	1.0	1.0	1.0	2.0	2.0	0.0	0.0	0.0	0.0	0.0	0.0	0.0	1.0	0.0	1.0	3.0	1.0	1.0	2.0	2.0
TCGA-DX-AB3C	0.0	0.0	0.0	0.0	0.0	0.0	0.0	1.0	1.0	1.0	1.0	0.0	0.0	0.0	1.0	0.0	0.0	0.0	0.0	0.0	0.0	0.0	0.0	0.0	0.0	0.0	0.0	0.0	0.0	0.0	0.0	0.0	0.0	0.0	0.0	0.0	0.0	0.0	0.0	0.0	0.0	0.0	0.0	0.0	0.0	0.0	0.0	0.0	0.0	0.0	0.0	0.0	0.0	0.0	0.0	0.0
TCGA-WK-A8XO	0.0	0.0	0.0	0.0	0.0	0.0	0.0	0.0	0.0	0.0	0.0	0.0	1.0	0.0	0.0	1.0	0.0	0.0	0.0	0.0	0.0	0.0	0.0	0.0	2.0	0.0	0.0	0.0	0.0	0.0	0.0	0.0	0.0	0.0	0.0	0.0	0.0	0.0	0.0	0.0	0.0	0.0	0.0	0.0	0.0	0.0	0.0	0.0	0.0	0.0	0.0	0.0	0.0	0.0	0.0	0.0
TCGA-FX-A3NK	0.0	0.0	0.0	0.0	0.0	0.0	0.0	1.0	1.0	1.0	1.0	1.0	0.0	1.0	0.0	0.0	0.0	0.0	0.0	0.0	0.0	1.0	1.0	1.0	0.0	0.0	0.0	4.0	0.0	0.0	0.0	0.0	0.0	0.0	1.0	0.0	0.0	0.0	0.0	0.0	0.0	0.0	0.0	0.0	0.0	0.0	0.0	0.0	0.0	0.0	0.0	0.0	0.0	0.0	0.0	0.0
TCGA-DX-A7EO	0.0	0.0	0.0	0.0	0.0	0.0	0.0	1.0	1.0	1.0	1.0	0.0	0.0	0.0	0.0	0.0	0.0	0.0	0.0	0.0	0.0	0.0	0.0	0.0	0.0	0.0	0.0	0.0	0.0	0.0	0.0	0.0	0.0	0.0	0.0	0.0	0.0	0.0	0.0	0.0	1.0	0.0	0.0	0.0	0.0	0.0	0.0	0.0	0.0	0.0	0.0	0.0	0.0	0.0	0.0	0.0
TCGA-PC-A5DL	0.0	1.0	1.0	1.0	1.0	1.0	1.0	1.0	1.0	1.0	1.0	2.0	2.0	1.0	1.0	1.0	1.0	1.0	0.0	0.0	0.0	2.0	2.0	2.0	1.0	1.0	1.0	2.0	0.0	1.0	1.0	1.0	1.0	1.0	2.0	1.0	1.0	1.0	1.0	1.0	0.0	0.0	2.0	2.0	2.0	0.0	0.0	0.0	0.0	0.0	2.0	2.0	2.0	2.0	2.0	2.0
TCGA-SI-A71O	1.0	1.0	0.0	0.0	0.0	0.0	1.0	0.0	0.0	0.0	0.0	0.0	1.0	1.0	0.0	1.0	1.0	1.0	0.0	0.0	0.0	1.0	1.0	1.0	0.0	0.0	1.0	1.0	1.0	1.0	1.0	1.0	0.0	1.0	0.0	0.0	0.0	0.0	1.0	4.0	0.0	1.0	1.0	1.0	1.0	1.0	1.0	0.0	0.0	1.0	0.0	0.0	0.0	1.0	2.0	2.0
TCGA-DX-A8BJ	0.0	2.0	2.0	1.0	1.0	1.0	1.0	1.0	1.0	1.0	1.0	0.0	2.0	0.0	0.0	0.0	0.0	0.0	1.0	1.0	1.0	1.0	1.0	3.0	1.0	2.0	2.0	2.0	2.0	2.0	2.0	2.0	2.0	2.0	1.0	0.0	0.0	0.0	0.0	0.0	0.0	0.0	1.0	1.0	1.0	1.0	0.0	0.0	0.0	0.0	0.0	0.0	0.0	1.0	1.0	1.0
TCGA-DX-A8BP	1.0	1.0	0.0	0.0	1.0	0.0	0.0	2.0	2.0	2.0	1.0	0.0	0.0	1.0	2.0	1.0	0.0	0.0	0.0	0.0	0.0	1.0	1.0	1.0	1.0	1.0	0.0	0.0	0.0	0.0	0.0	0.0	0.0	0.0	0.0	1.0	1.0	1.0	1.0	1.0	1.0	0.0	0.0	0.0	0.0	0.0	0.0	0.0	0.0	0.0	0.0	1.0	0.0	0.0	0.0	0.0
TCGA-DX-AB2F	2.0	2.0	2.0	2.0	2.0	2.0	0.0	2.0	2.0	2.0	1.0	2.0	0.0	1.0	3.0	1.0	1.0	1.0	1.0	2.0	2.0	1.0	1.0	1.0	3.0	2.0	0.0	2.0	2.0	2.0	2.0	2.0	2.0	2.0	2.0	1.0	1.0	1.0	1.0	2.0	1.0	2.0	2.0	2.0	2.0	2.0	2.0	2.0	2.0	1.0	2.0	1.0	1.0	4.0	4.0	4.0
TCGA-3B-A9HR	1.0	1.0	1.0	1.0	1.0	1.0	0.0	3.0	4.0	3.0	2.0	1.0	0.0	2.0	3.0	3.0	3.0	2.0	2.0	2.0	2.0	1.0	1.0	1.0	4.0	2.0	0.0	1.0	4.0	3.0	3.0	3.0	2.0	2.0	2.0	1.0	1.0	1.0	1.0	1.0	0.0	2.0	2.0	2.0	2.0	2.0	2.0	2.0	0.0	0.0	3.0	2.0	2.0	1.0	1.0	1.0
TCGA-DX-A7EN	1.0	0.0	0.0	0.0	0.0	0.0	1.0	0.0	0.0	1.0	0.0	0.0	0.0	2.0	2.0	0.0	0.0	0.0	0.0	0.0	0.0	0.0	0.0	0.0	0.0	0.0	0.0	1.0	0.0	0.0	0.0	0.0	0.0	0.0	0.0	0.0	0.0	0.0	0.0	0.0	0.0	0.0	0.0	0.0	0.0	0.0	0.0	0.0	0.0	0.0	0.0	0.0	0.0	0.0	0.0	0.0
TCGA-FX-A2QS	2.0	1.0	1.0	1.0	2.0	1.0	1.0	1.0	1.0	1.0	0.0	2.0	0.0	1.0	0.0	0.0	0.0	0.0	2.0	6.0	6.0	4.0	4.0	4.0	2.0	0.0	0.0	1.0	4.0	4.0	4.0	0.0	0.0	0.0	1.0	2.0	2.0	2.0	2.0	2.0	6.0	1.0	1.0	1.0	1.0	1.0	1.0	3.0	3.0	1.0	2.0	1.0	0.0	1.0	0.0	0.0
TCGA-FX-A2QS	2.0	1.0	1.0	1.0	2.0	1.0	1.0	1.0	1.0	1.0	0.0	2.0	0.0	1.0	0.0	0.0	0.0	0.0	2.0	6.0	6.0	4.0	4.0	4.0	2.0	0.0	0.0	1.0	4.0	4.0	4.0	0.0	0.0	0.0	1.0	2.0	2.0	2.0	2.0	2.0	6.0	1.0	1.0	1.0	1.0	1.0	1.0	3.0	3.0	1.0	2.0	1.0	0.0	1.0	0.0	0.0
TCGA-FX-A2QS	2.0	1.0	1.0	1.0	2.0	1.0	1.0	1.0	1.0	1.0	0.0	2.0	0.0	1.0	0.0	0.0	0.0	0.0	2.0	6.0	6.0	4.0	4.0	4.0	2.0	0.0	0.0	1.0	4.0	4.0	4.0	0.0	0.0	0.0	1.0	2.0	2.0	2.0	2.0	2.0	6.0	1.0	1.0	1.0	1.0	1.0	1.0	3.0	3.0	1.0	2.0	1.0	0.0	1.0	0.0	0.0
TCGA-FX-A2QS	2.0	1.0	1.0	1.0	2.0	1.0	1.0	1.0	1.0	1.0	0.0	2.0	0.0	1.0	0.0	0.0	0.0	0.0	2.0	6.0	6.0	4.0	4.0	4.0	2.0	0.0	0.0	1.0	4.0	4.0	4.0	0.0	0.0	0.0	1.0	2.0	2.0	2.0	2.0	2.0	6.0	1.0	1.0	1.0	1.0	1.0	1.0	3.0	3.0	1.0	2.0	1.0	0.0	1.0	0.0	0.0
TCGA-FX-A3RE	0.0	0.0	0.0	0.0	0.0	2.0	2.0	2.0	2.0	2.0	2.0	2.0	2.0	2.0	2.0	2.0	2.0	2.0	2.0	2.0	2.0	1.0	1.0	3.0	2.0	2.0	2.0	2.0	2.0	2.0	2.0	2.0	0.0	1.0	2.0	2.0	2.0	2.0	2.0	2.0	3.0	3.0	3.0	3.0	3.0	3.0	3.0	3.0	6.0	6.0	3.0	2.0	2.0	2.0	2.0	2.0
TCGA-QQ-A5VA	0.0	0.0	0.0	0.0	0.0	0.0	0.0	4.0	0.0	0.0	0.0	3.0	1.0	3.0	6.0	0.0	0.0	0.0	0.0	1.0	1.0	0.0	0.0	1.0	0.0	0.0	5.0	2.0	4.0	5.0	5.0	0.0	0.0	0.0	1.0	0.0	0.0	0.0	0.0	0.0	0.0	1.0	1.0	1.0	1.0	1.0	1.0	1.0	1.0	1.0	3.0	1.0	0.0	0.0	0.0	0.0
TCGA-QQ-A5VD	0.0	0.0	0.0	0.0	0.0	0.0	0.0	1.0	0.0	0.0	0.0	0.0	0.0	0.0	0.0	0.0	0.0	0.0	1.0	1.0	1.0	0.0	0.0	0.0	0.0	0.0	0.0	1.0	0.0	0.0	0.0	0.0	0.0	0.0	0.0	1.0	1.0	1.0	1.0	1.0	1.0	0.0	0.0	0.0	0.0	0.0	0.0	0.0	0.0	1.0	0.0	0.0	0.0	0.0	0.0	0.0
TCGA-3B-A9HO	0.0	0.0	0.0	0.0	0.0	1.0	0.0	0.0	0.0	0.0	0.0	0.0	0.0	2.0	1.0	0.0	0.0	0.0	0.0	0.0	0.0	0.0	0.0	0.0	0.0	0.0	0.0	0.0	0.0	0.0	0.0	0.0	0.0	0.0	0.0	0.0	0.0	0.0	0.0	0.0	1.0	0.0	0.0	0.0	0.0	0.0	0.0	0.0	0.0	1.0	1.0	0.0	12.0	2.0	2.0	1.0
TCGA-DX-A8BU	3.0	4.0	4.0	4.0	3.0	0.0	0.0	3.0	1.0	1.0	3.0	1.0	2.0	2.0	4.0	2.0	2.0	2.0	2.0	8.0	8.0	2.0	2.0	1.0	2.0	1.0	1.0	0.0	0.0	0.0	0.0	0.0	0.0	0.0	2.0	1.0	1.0	1.0	1.0	1.0	0.0	0.0	0.0	0.0	0.0	0.0	3.0	0.0	0.0	0.0	0.0	6.0	1.0	2.0	2.0	2.0
TCGA-DX-A6YX	2.0	2.0	2.0	2.0	0.0	0.0	0.0	3.0	1.0	1.0	2.0	1.0	0.0	1.0	1.0	1.0	1.0	1.0	0.0	0.0	0.0	8.0	1.0	1.0	0.0	2.0	2.0	2.0	2.0	2.0	2.0	2.0	2.0	2.0	2.0	1.0	1.0	1.0	1.0	1.0	0.0	0.0	0.0	0.0	0.0	0.0	2.0	2.0	2.0	1.0	2.0	2.0	0.0	1.0	1.0	1.0
TCGA-DX-A8BX	0.0	0.0	0.0	0.0	0.0	0.0	0.0	0.0	0.0	0.0	0.0	0.0	1.0	2.0	1.0	1.0	1.0	1.0	1.0	1.0	1.0	1.0	2.0	0.0	1.0	0.0	0.0	0.0	0.0	0.0	0.0	0.0	0.0	0.0	0.0	0.0	0.0	0.0	0.0	0.0	0.0	0.0	0.0	0.0	0.0	0.0	0.0	0.0	0.0	0.0	0.0	1.0	0.0	0.0	0.0	0.0
TCGA-DX-A48L	2.0	2.0	2.0	2.0	2.0	2.0	1.0	2.0	2.0	2.0	1.0	0.0	0.0	2.0	3.0	2.0	2.0	2.0	1.0	1.0	1.0	1.0	1.0	1.0	2.0	2.0	2.0	1.0	3.0	3.0	3.0	3.0	2.0	2.0	3.0	2.0	2.0	2.0	2.0	2.0	1.0	1.0	1.0	1.0	1.0	1.0	1.0	1.0	1.0	2.0	2.0	2.0	1.0	0.0	0.0	0.0
TCGA-DX-A8BZ	1.0	1.0	1.0	1.0	0.0	0.0	0.0	1.0	1.0	1.0	0.0	1.0	1.0	0.0	0.0	0.0	0.0	0.0	0.0	0.0	0.0	0.0	0.0	0.0	0.0	0.0	0.0	1.0	0.0	0.0	0.0	1.0	1.0	0.0	1.0	0.0	0.0	0.0	0.0	0.0	0.0	1.0	1.0	1.0	0.0	0.0	0.0	0.0	0.0	0.0	0.0	0.0	1.0	0.0	0.0	0.0
TCGA-VT-AB3D	0.0	0.0	0.0	0.0	0.0	1.0	0.0	1.0	1.0	1.0	0.0	1.0	0.0	1.0	1.0	0.0	0.0	0.0	0.0	1.0	1.0	0.0	0.0	0.0	1.0	1.0	1.0	0.0	0.0	0.0	0.0	1.0	0.0	0.0	1.0	1.0	1.0	1.0	1.0	0.0	1.0	0.0	0.0	0.0	0.0	0.0	0.0	0.0	0.0	1.0	1.0	0.0	0.0	1.0	1.0	1.0
TCGA-DX-AB2O	3.0	3.0	0.0	0.0	0.0	1.0	0.0	1.0	1.0	1.0	1.0	0.0	0.0	1.0	1.0	1.0	1.0	1.0	1.0	1.0	1.0	4.0	3.0	3.0	2.0	0.0	0.0	2.0	0.0	0.0	0.0	0.0	0.0	0.0	1.0	2.0	2.0	2.0	2.0	2.0	2.0	0.0	0.0	0.0	0.0	0.0	1.0	1.0	1.0	1.0	2.0	1.0	0.0	1.0	0.0	0.0
TCGA-HS-A5N9	2.0	2.0	2.0	2.0	1.0	3.0	1.0	1.0	1.0	1.0	1.0	1.0	1.0	1.0	1.0	1.0	1.0	1.0	1.0	1.0	1.0	4.0	4.0	5.0	1.0	1.0	1.0	0.0	1.0	1.0	1.0	1.0	1.0	1.0	2.0	2.0	2.0	2.0	1.0	2.0	1.0	2.0	2.0	2.0	2.0	2.0	2.0	2.0	2.0	2.0	1.0	1.0	2.0	2.0	0.0	0.0
TCGA-DX-A23T	2.0	1.0	1.0	0.0	0.0	0.0	0.0	0.0	0.0	0.0	0.0	0.0	0.0	0.0	0.0	0.0	0.0	0.0	0.0	0.0	0.0	0.0	0.0	0.0	0.0	0.0	0.0	0.0	0.0	0.0	0.0	0.0	0.0	0.0	0.0	0.0	0.0	1.0	0.0	0.0	0.0	0.0	0.0	0.0	0.0	0.0	0.0	0.0	0.0	0.0	0.0	0.0	0.0	0.0	0.0	0.0
TCGA-X6-A7WA	0.0	0.0	0.0	0.0	0.0	0.0	0.0	0.0	0.0	0.0	0.0	0.0	0.0	0.0	0.0	0.0	0.0	0.0	0.0	0.0	0.0	0.0	0.0	0.0	0.0	0.0	0.0	0.0	0.0	0.0	0.0	0.0	0.0	0.0	0.0	0.0	0.0	0.0	0.0	0.0	1.0	0.0	0.0	0.0	0.0	0.0	0.0	0.0	0.0	0.0	0.0	0.0	0.0	1.0	1.0	1.0
TCGA-DX-A6B7	1.0	4.0	4.0	4.0	1.0	4.0	4.0	4.0	4.0	4.0	4.0	4.0	4.0	4.0	4.0	4.0	4.0	4.0	4.0	4.0	4.0	4.0	4.0	4.0	4.0	4.0	4.0	4.0	4.0	4.0	4.0	1.0	1.0	1.0	4.0	3.0	3.0	3.0	3.0	4.0	3.0	4.0	4.0	4.0	4.0	4.0	4.0	4.0	4.0	3.0	4.0	4.0	4.0	4.0	4.0	4.0
TCGA-Z4-A8JB	0.0	0.0	0.0	0.0	0.0	0.0	0.0	0.0	0.0	0.0	0.0	0.0	0.0	0.0	1.0	0.0	0.0	0.0	1.0	0.0	0.0	0.0	0.0	0.0	0.0	0.0	0.0	0.0	0.0	0.0	0.0	0.0	0.0	0.0	0.0	0.0	0.0	0.0	0.0	0.0	0.0	0.0	0.0	0.0	0.0	0.0	0.0	0.0	0.0	0.0	0.0	0.0	0.0	0.0	0.0	0.0
TCGA-DX-A1KX	2.0	1.0	1.0	1.0	1.0	1.0	2.0	1.0	0.0	0.0	0.0	1.0	4.0	2.0	5.0	3.0	2.0	2.0	2.0	3.0	2.0	0.0	1.0	1.0	2.0	1.0	1.0	2.0	2.0	3.0	3.0	1.0	1.0	1.0	3.0	2.0	2.0	2.0	2.0	3.0	1.0	1.0	1.0	2.0	2.0	2.0	3.0	2.0	2.0	0.0	2.0	9.0	0.0	6.0	2.0	2.0
TCGA-DX-AB35	2.0	2.0	3.0	1.0	2.0	1.0	0.0	1.0	1.0	1.0	1.0	4.0	1.0	2.0	2.0	2.0	2.0	2.0	2.0	2.0	2.0	2.0	2.0	2.0	2.0	0.0	1.0	1.0	1.0	1.0	1.0	1.0	1.0	1.0	1.0	1.0	1.0	1.0	1.0	2.0	1.0	1.0	0.0	1.0	1.0	1.0	1.0	1.0	1.0	1.0	2.0	2.0	1.0	1.0	1.0	1.0
TCGA-PC-A5DP	2.0	2.0	2.0	2.0	2.0	2.0	1.0	3.0	3.0	3.0	3.0	2.0	0.0	3.0	3.0	0.0	2.0	2.0	1.0	2.0	2.0	0.0	0.0	1.0	2.0	1.0	5.0	2.0	3.0	3.0	3.0	2.0	2.0	2.0	2.0	2.0	2.0	2.0	2.0	2.0	0.0	2.0	2.0	2.0	2.0	2.0	2.0	2.0	2.0	2.0	2.0	2.0	0.0	2.0	0.0	0.0
TCGA-K1-A3PO	0.0	0.0	0.0	0.0	0.0	0.0	0.0	0.0	0.0	0.0	0.0	0.0	0.0	0.0	0.0	0.0	0.0	0.0	1.0	1.0	1.0	0.0	0.0	0.0	0.0	0.0	0.0	0.0	0.0	0.0	0.0	0.0	0.0	0.0	0.0	0.0	0.0	0.0	0.0	0.0	0.0	0.0	0.0	0.0	0.0	0.0	0.0	0.0	0.0	0.0	0.0	0.0	0.0	0.0	0.0	0.0
TCGA-K1-A3PO	0.0	0.0	0.0	0.0	0.0	0.0	0.0	0.0	0.0	0.0	0.0	0.0	0.0	0.0	0.0	0.0	0.0	0.0	1.0	1.0	1.0	0.0	0.0	0.0	0.0	0.0	0.0	0.0	0.0	0.0	0.0	0.0	0.0	0.0	0.0	0.0	0.0	0.0	0.0	0.0	0.0	0.0	0.0	0.0	0.0	0.0	0.0	0.0	0.0	0.0	0.0	0.0	0.0	0.0	0.0	0.0
TCGA-K1-A3PO	0.0	0.0	0.0	0.0	0.0	0.0	0.0	0.0	0.0	0.0	0.0	0.0	0.0	0.0	0.0	0.0	0.0	0.0	1.0	1.0	1.0	0.0	0.0	0.0	0.0	0.0	0.0	0.0	0.0	0.0	0.0	0.0	0.0	0.0	0.0	0.0	0.0	0.0	0.0	0.0	0.0	0.0	0.0	0.0	0.0	0.0	0.0	0.0	0.0	0.0	0.0	0.0	0.0	0.0	0.0	0.0
TCGA-K1-A3PO	0.0	0.0	0.0	0.0	0.0	0.0	0.0	0.0	0.0	0.0	0.0	0.0	0.0	0.0	0.0	0.0	0.0	0.0	1.0	1.0	1.0	0.0	0.0	0.0	0.0	0.0	0.0	0.0	0.0	0.0	0.0	0.0	0.0	0.0	0.0	0.0	0.0	0.0	0.0	0.0	0.0	0.0	0.0	0.0	0.0	0.0	0.0	0.0	0.0	0.0	0.0	0.0	0.0	0.0	0.0	0.0
TCGA-IW-A3M5	1.0	1.0	1.0	1.0	1.0	1.0	1.0	2.0	2.0	2.0	0.0	0.0	0.0	2.0	1.0	1.0	1.0	2.0	2.0	2.0	2.0	2.0	2.0	2.0	0.0	0.0	0.0	1.0	2.0	2.0	2.0	2.0	2.0	2.0	0.0	1.0	1.0	1.0	1.0	1.0	3.0	0.0	0.0	0.0	0.0	0.0	1.0	1.0	1.0	1.0	1.0	3.0	0.0	0.0	0.0	0.0
TCGA-QQ-A5VC	0.0	1.0	0.0	0.0	0.0	0.0	0.0	0.0	0.0	0.0	0.0	1.0	0.0	0.0	0.0	1.0	1.0	1.0	1.0	8.0	8.0	1.0	1.0	1.0	2.0	2.0	0.0	1.0	3.0	3.0	3.0	2.0	2.0	2.0	1.0	0.0	0.0	0.0	0.0	0.0	1.0	0.0	2.0	1.0	1.0	1.0	3.0	1.0	1.0	1.0	0.0	0.0	0.0	0.0	0.0	0.0
TCGA-DX-AB2W	2.0	1.0	1.0	2.0	2.0	0.0	0.0	2.0	2.0	3.0	1.0	0.0	1.0	0.0	1.0	0.0	1.0	1.0	0.0	0.0	0.0	1.0	1.0	1.0	2.0	2.0	0.0	1.0	0.0	0.0	0.0	0.0	0.0	0.0	0.0	0.0	0.0	0.0	0.0	0.0	1.0	1.0	0.0	0.0	0.0	0.0	1.0	0.0	0.0	0.0	0.0	3.0	1.0	1.0	1.0	1.0
TCGA-FX-A48G	0.0	0.0	0.0	0.0	0.0	1.0	2.0	2.0	2.0	2.0	2.0	2.0	2.0	2.0	2.0	2.0	2.0	2.0	0.0	2.0	2.0	2.0	2.0	2.0	4.0	2.0	2.0	2.0	3.0	2.0	0.0	2.0	0.0	0.0	2.0	2.0	2.0	2.0	2.0	2.0	0.0	2.0	2.0	2.0	2.0	2.0	2.0	2.0	2.0	3.0	0.0	2.0	2.0	0.0	0.0	0.0
TCGA-Z4-AAPG	2.0	2.0	2.0	2.0	0.0	0.0	1.0	1.0	1.0	1.0	1.0	0.0	2.0	1.0	5.0	2.0	1.0	1.0	0.0	0.0	0.0	2.0	2.0	2.0	2.0	1.0	1.0	3.0	2.0	2.0	2.0	2.0	2.0	2.0	0.0	0.0	0.0	0.0	0.0	0.0	2.0	1.0	1.0	1.0	1.0	1.0	1.0	1.0	1.0	1.0	0.0	5.0	1.0	2.0	0.0	0.0
TCGA-DX-A48J	0.0	2.0	0.0	0.0	0.0	2.0	2.0	2.0	2.0	2.0	2.0	2.0	2.0	2.0	2.0	2.0	2.0	2.0	0.0	0.0	0.0	2.0	2.0	2.0	1.0	2.0	2.0	2.0	2.0	2.0	2.0	2.0	2.0	2.0	2.0	2.0	2.0	2.0	2.0	2.0	2.0	2.0	2.0	2.0	2.0	2.0	2.0	2.0	2.0	2.0	2.0	2.0	2.0	2.0	2.0	2.0
TCGA-K1-A3PN	0.0	0.0	0.0	0.0	0.0	0.0	0.0	0.0	0.0	0.0	0.0	0.0	0.0	1.0	1.0	0.0	0.0	0.0	1.0	1.0	1.0	0.0	0.0	0.0	0.0	0.0	0.0	0.0	0.0	0.0	0.0	0.0	0.0	0.0	0.0	1.0	1.0	1.0	1.0	1.0	1.0	0.0	0.0	0.0	0.0	0.0	0.0	0.0	0.0	0.0	0.0	0.0	0.0	0.0	0.0	0.0
TCGA-DX-A48P	1.0	0.0	0.0	0.0	0.0	0.0	0.0	0.0	0.0	0.0	0.0	0.0	0.0	0.0	0.0	0.0	0.0	0.0	0.0	0.0	0.0	0.0	0.0	0.0	0.0	0.0	0.0	1.0	0.0	0.0	0.0	0.0	0.0	0.0	0.0	0.0	0.0	0.0	0.0	0.0	0.0	0.0	0.0	0.0	0.0	0.0	0.0	0.0	0.0	0.0	0.0	1.0	0.0	1.0	1.0	1.0
TCGA-PC-A5DN	0.0	0.0	0.0	0.0	0.0	1.0	0.0	0.0	0.0	0.0	0.0	0.0	0.0	0.0	0.0	0.0	0.0	0.0	0.0	0.0	0.0	0.0	0.0	0.0	0.0	0.0	0.0	0.0	1.0	0.0	0.0	0.0	0.0	0.0	0.0	0.0	0.0	0.0	0.0	0.0	0.0	0.0	0.0	0.0	0.0	0.0	0.0	0.0	0.0	0.0	0.0	0.0	0.0	0.0	0.0	0.0
TCGA-DX-A1L3	0.0	0.0	0.0	0.0	0.0	0.0	0.0	0.0	0.0	0.0	0.0	0.0	0.0	6.0	4.0	0.0	0.0	0.0	0.0	0.0	0.0	0.0	0.0	0.0	0.0	0.0	0.0	0.0	0.0	0.0	0.0	0.0	0.0	0.0	0.0	0.0	0.0	0.0	0.0	0.0	0.0	0.0	0.0	0.0	0.0	0.0	0.0	0.0	0.0	0.0	4.0	0.0	0.0	0.0	0.0	0.0
TCGA-DX-A1L0	1.0	1.0	2.0	0.0	0.0	0.0	0.0	3.0	1.0	0.0	0.0	1.0	1.0	1.0	0.0	1.0	1.0	1.0	0.0	1.0	1.0	0.0	0.0	1.0	1.0	0.0	1.0	0.0	0.0	0.0	0.0	0.0	0.0	0.0	0.0	2.0	2.0	2.0	2.0	0.0	3.0	1.0	1.0	1.0	1.0	1.0	1.0	1.0	1.0	0.0	1.0	1.0	0.0	1.0	1.0	1.0
TCGA-DX-AB36	0.0	0.0	0.0	0.0	0.0	0.0	0.0	0.0	0.0	0.0	1.0	0.0	0.0	1.0	1.0	0.0	0.0	0.0	1.0	0.0	0.0	0.0	1.0	1.0	2.0	0.0	0.0	0.0	0.0	0.0	0.0	0.0	0.0	0.0	0.0	0.0	0.0	0.0	0.0	0.0	0.0	0.0	0.0	0.0	0.0	0.0	0.0	0.0	0.0	0.0	0.0	0.0	0.0	0.0	0.0	0.0
TCGA-DX-A48R	0.0	2.0	2.0	2.0	2.0	2.0	2.0	2.0	2.0	2.0	1.0	0.0	0.0	2.0	2.0	2.0	2.0	2.0	2.0	2.0	2.0	1.0	1.0	2.0	1.0	2.0	0.0	4.0	2.0	2.0	2.0	2.0	2.0	2.0	2.0	2.0	2.0	2.0	2.0	2.0	0.0	2.0	2.0	2.0	2.0	2.0	2.0	2.0	2.0	2.0	2.0	2.0	2.0	1.0	1.0	1.0
TCGA-FX-A76Y	0.0	0.0	0.0	0.0	0.0	0.0	0.0	0.0	0.0	0.0	0.0	0.0	0.0	0.0	0.0	0.0	0.0	0.0	1.0	0.0	0.0	0.0	0.0	0.0	0.0	0.0	0.0	0.0	1.0	1.0	1.0	0.0	1.0	1.0	0.0	0.0	0.0	0.0	0.0	0.0	1.0	0.0	0.0	0.0	0.0	0.0	0.0	0.0	0.0	0.0	0.0	0.0	0.0	0.0	0.0	0.0
TCGA-K1-A42X	1.0	1.0	1.0	1.0	1.0	1.0	0.0	0.0	0.0	0.0	0.0	1.0	0.0	0.0	0.0	0.0	0.0	0.0	0.0	0.0	0.0	0.0	0.0	0.0	0.0	3.0	1.0	0.0	1.0	1.0	1.0	1.0	1.0	1.0	0.0	0.0	0.0	0.0	0.0	0.0	1.0	0.0	0.0	0.0	0.0	0.0	0.0	0.0	0.0	1.0	0.0	0.0	0.0	0.0	0.0	0.0
TCGA-K1-A42W	0.0	0.0	1.0	1.0	1.0	3.0	0.0	1.0	1.0	1.0	1.0	0.0	0.0	4.0	5.0	3.0	4.0	4.0	1.0	1.0	1.0	1.0	1.0	1.0	1.0	0.0	0.0	2.0	1.0	1.0	1.0	1.0	1.0	1.0	2.0	1.0	1.0	1.0	1.0	1.0	1.0	0.0	0.0	0.0	0.0	0.0	0.0	0.0	0.0	0.0	1.0	2.0	0.0	1.0	1.0	1.0
TCGA-X6-A7WC	1.0	0.0	13.0	0.0	0.0	2.0	0.0	2.0	1.0	1.0	0.0	1.0	0.0	4.0	5.0	0.0	2.0	2.0	1.0	1.0	1.0	2.0	2.0	1.0	2.0	1.0	1.0	1.0	2.0	2.0	2.0	0.0	0.0	0.0	0.0	1.0	1.0	1.0	1.0	1.0	1.0	0.0	0.0	0.0	0.0	0.0	0.0	0.0	0.0	0.0	0.0	2.0	0.0	1.0	0.0	0.0
TCGA-MO-A47R	0.0	0.0	0.0	0.0	1.0	1.0	2.0	0.0	0.0	0.0	0.0	0.0	1.0	2.0	3.0	2.0	2.0	2.0	1.0	1.0	1.0	2.0	2.0	2.0	0.0	1.0	0.0	2.0	1.0	1.0	1.0	1.0	1.0	1.0	1.0	2.0	2.0	2.0	2.0	2.0	0.0	2.0	2.0	2.0	2.0	2.0	2.0	2.0	2.0	2.0	2.0	1.0	1.0	1.0	1.0	1.0
TCGA-IW-A3M4	1.0	1.0	1.0	1.0	1.0	0.0	0.0	0.0	0.0	0.0	0.0	0.0	0.0	0.0	0.0	0.0	0.0	0.0	0.0	0.0	0.0	0.0	0.0	0.0	0.0	0.0	0.0	0.0	1.0	1.0	1.0	1.0	1.0	1.0	1.0	0.0	0.0	0.0	0.0	0.0	1.0	0.0	0.0	1.0	1.0	1.0	1.0	1.0	1.0	1.0	0.0	0.0	0.0	0.0	0.0	0.0
TCGA-HB-A43Z	0.0	2.0	3.0	3.0	3.0	2.0	0.0	2.0	1.0	1.0	1.0	0.0	0.0	1.0	2.0	1.0	1.0	1.0	0.0	0.0	0.0	1.0	2.0	2.0	1.0	0.0	3.0	1.0	4.0	1.0	1.0	0.0	0.0	0.0	2.0	0.0	0.0	0.0	0.0	0.0	2.0	0.0	0.0	0.0	0.0	1.0	1.0	1.0	1.0	1.0	3.0	0.0	1.0	2.0	2.0	2.0
TCGA-DX-A6B9	0.0	1.0	1.0	1.0	1.0	0.0	0.0	0.0	0.0	0.0	0.0	0.0	0.0	0.0	0.0	0.0	0.0	0.0	0.0	0.0	0.0	0.0	0.0	0.0	0.0	0.0	0.0	0.0	0.0	0.0	0.0	0.0	0.0	0.0	0.0	0.0	0.0	0.0	0.0	0.0	0.0	0.0	0.0	0.0	0.0	0.0	0.0	0.0	0.0	0.0	0.0	0.0	0.0	0.0	0.0	0.0
TCGA-DX-A1L1	3.0	3.0	3.0	3.0	3.0	1.0	2.0	3.0	3.0	3.0	1.0	5.0	0.0	4.0	13.0	8.0	5.0	5.0	2.0	2.0	2.0	2.0	2.0	2.0	4.0	2.0	2.0	0.0	1.0	1.0	1.0	6.0	3.0	3.0	3.0	1.0	1.0	1.0	1.0	3.0	1.0	2.0	2.0	2.0	2.0	2.0	3.0	3.0	3.0	1.0	5.0	8.0	4.0	1.0	5.0	5.0
TCGA-WK-A8XY	1.0	0.0	0.0	0.0	0.0	0.0	0.0	0.0	0.0	0.0	0.0	0.0	0.0	0.0	0.0	0.0	0.0	0.0	1.0	1.0	1.0	0.0	0.0	0.0	0.0	1.0	1.0	0.0	1.0	0.0	0.0	0.0	0.0	0.0	0.0	0.0	0.0	0.0	0.0	0.0	1.0	0.0	0.0	0.0	0.0	0.0	0.0	0.0	0.0	0.0	0.0	0.0	0.0	0.0	0.0	0.0
TCGA-3B-A9HY	0.0	0.0	0.0	0.0	0.0	0.0	0.0	0.0	0.0	0.0	0.0	0.0	0.0	0.0	0.0	0.0	0.0	0.0	1.0	1.0	1.0	0.0	0.0	0.0	0.0	0.0	0.0	0.0	0.0	0.0	0.0	0.0	0.0	0.0	0.0	1.0	1.0	1.0	1.0	1.0	1.0	0.0	0.0	0.0	0.0	0.0	0.0	0.0	0.0	0.0	0.0	0.0	0.0	0.0	0.0	0.0
TCGA-Z4-AAPF	0.0	0.0	0.0	0.0	0.0	0.0	1.0	0.0	0.0	0.0	0.0	1.0	1.0	0.0	1.0	0.0	0.0	0.0	0.0	0.0	0.0	0.0	0.0	0.0	1.0	0.0	0.0	0.0	0.0	0.0	0.0	0.0	0.0	0.0	0.0	0.0	0.0	0.0	0.0	0.0	0.0	0.0	0.0	0.0	0.0	0.0	0.0	0.0	0.0	0.0	0.0	0.0	0.0	0.0	1.0	1.0
TCGA-QQ-A5VB	2.0	1.0	2.0	4.0	0.0	1.0	0.0	1.0	1.0	1.0	1.0	0.0	1.0	1.0	0.0	1.0	1.0	1.0	1.0	0.0	0.0	1.0	1.0	1.0	1.0	0.0	0.0	0.0	1.0	1.0	1.0	2.0	2.0	2.0	0.0	0.0	0.0	0.0	0.0	0.0	6.0	0.0	1.0	1.0	1.0	1.0	0.0	1.0	1.0	1.0	0.0	1.0	1.0	3.0	2.0	2.0
TCGA-DX-AB2H	0.0	0.0	0.0	0.0	0.0	0.0	1.0	0.0	0.0	0.0	0.0	0.0	1.0	0.0	0.0	0.0	0.0	0.0	0.0	0.0	0.0	0.0	0.0	1.0	0.0	0.0	0.0	1.0	0.0	0.0	0.0	0.0	0.0	0.0	0.0	1.0	1.0	1.0	1.0	1.0	0.0	0.0	0.0	0.0	0.0	0.0	0.0	0.0	1.0	1.0	0.0	0.0	1.0	1.0	1.0	1.0
TCGA-IF-A4AK	0.0	2.0	2.0	2.0	2.0	2.0	2.0	2.0	2.0	2.0	2.0	2.0	2.0	2.0	2.0	2.0	2.0	2.0	1.0	1.0	1.0	2.0	2.0	2.0	2.0	2.0	1.0	2.0	2.0	2.0	2.0	2.0	2.0	2.0	2.0	2.0	2.0	2.0	2.0	2.0	0.0	2.0	2.0	2.0	2.0	2.0	2.0	2.0	2.0	2.0	2.0	2.0	2.0	2.0	2.0	2.0
TCGA-HB-A5W3	0.0	2.0	2.0	2.0	2.0	0.0	2.0	2.0	2.0	2.0	2.0	0.0	2.0	0.0	4.0	2.0	2.0	2.0	0.0	0.0	0.0	1.0	1.0	1.0	2.0	2.0	0.0	2.0	2.0	2.0	2.0	2.0	2.0	2.0	2.0	2.0	2.0	2.0	2.0	2.0	0.0	2.0	2.0	2.0	2.0	2.0	2.0	2.0	2.0	0.0	1.0	1.0	2.0	2.0	0.0	0.0
TCGA-DX-AB2Z	2.0	2.0	3.0	2.0	2.0	0.0	0.0	2.0	2.0	2.0	0.0	0.0	0.0	1.0	4.0	0.0	0.0	0.0	1.0	1.0	1.0	3.0	2.0	1.0	2.0	1.0	1.0	0.0	0.0	0.0	0.0	3.0	5.0	5.0	1.0	1.0	1.0	1.0	1.0	1.0	0.0	1.0	1.0	1.0	1.0	1.0	3.0	2.0	4.0	1.0	0.0	0.0	0.0	1.0	1.0	1.0
TCGA-DX-A6BE	0.0	0.0	0.0	0.0	0.0	0.0	0.0	0.0	0.0	0.0	0.0	0.0	0.0	0.0	0.0	0.0	0.0	0.0	0.0	0.0	0.0	0.0	0.0	0.0	0.0	0.0	0.0	0.0	0.0	11.0	0.0	0.0	0.0	0.0	0.0	0.0	0.0	0.0	0.0	0.0	0.0	0.0	0.0	0.0	0.0	0.0	0.0	0.0	0.0	0.0	0.0	0.0	0.0	0.0	0.0	0.0
TCGA-DX-A6YR	1.0	1.0	1.0	1.0	0.0	0.0	0.0	0.0	0.0	0.0	0.0	2.0	0.0	3.0	3.0	1.0	1.0	1.0	1.0	1.0	1.0	2.0	2.0	1.0	4.0	1.0	0.0	0.0	0.0	0.0	0.0	0.0	2.0	2.0	1.0	0.0	0.0	0.0	1.0	1.0	1.0	1.0	1.0	1.0	1.0	1.0	1.0	1.0	1.0	1.0	0.0	1.0	2.0	2.0	1.0	0.0
TCGA-DX-A3U9	0.0	0.0	0.0	0.0	0.0	0.0	1.0	0.0	0.0	0.0	0.0	0.0	1.0	1.0	3.0	0.0	0.0	0.0	0.0	0.0	0.0	0.0	0.0	0.0	0.0	1.0	1.0	1.0	1.0	0.0	0.0	0.0	0.0	0.0	0.0	0.0	0.0	0.0	0.0	0.0	1.0	0.0	0.0	0.0	0.0	0.0	1.0	1.0	1.0	1.0	0.0	0.0	0.0	1.0	1.0	1.0
TCGA-DX-A1KW	1.0	1.0	1.0	1.0	1.0	1.0	2.0	2.0	2.0	2.0	0.0	1.0	1.0	7.0	7.0	0.0	3.0	4.0	2.0	2.0	2.0	0.0	2.0	0.0	4.0	0.0	0.0	0.0	0.0	0.0	0.0	0.0	0.0	0.0	0.0	1.0	1.0	1.0	1.0	2.0	1.0	2.0	2.0	2.0	2.0	2.0	2.0	2.0	2.0	1.0	3.0	2.0	3.0	1.0	1.0	1.0
TCGA-DX-A8BK	3.0	4.0	4.0	4.0	1.0	1.0	0.0	1.0	1.0	1.0	1.0	2.0	1.0	6.0	9.0	3.0	3.0	1.0	1.0	1.0	1.0	1.0	1.0	1.0	6.0	1.0	0.0	1.0	2.0	2.0	2.0	2.0	2.0	2.0	3.0	5.0	5.0	5.0	5.0	6.0	2.0	0.0	0.0	2.0	2.0	2.0	2.0	2.0	1.0	1.0	0.0	3.0	2.0	0.0	0.0	0.0
TCGA-DX-A8BG	3.0	2.0	3.0	3.0	4.0	2.0	2.0	1.0	1.0	1.0	3.0	1.0	1.0	0.0	1.0	0.0	1.0	1.0	2.0	2.0	2.0	0.0	0.0	0.0	4.0	2.0	0.0	2.0	4.0	4.0	4.0	6.0	6.0	6.0	4.0	2.0	2.0	2.0	2.0	3.0	5.0	1.0	3.0	3.0	1.0	1.0	3.0	3.0	3.0	3.0	6.0	1.0	2.0	1.0	2.0	2.0
TCGA-DX-A6BB	0.0	6.0	6.0	6.0	0.0	2.0	2.0	2.0	2.0	2.0	2.0	2.0	2.0	2.0	2.0	2.0	2.0	2.0	0.0	0.0	0.0	2.0	2.0	2.0	4.0	2.0	2.0	2.0	1.0	2.0	2.0	2.0	2.0	2.0	2.0	2.0	2.0	2.0	2.0	2.0	1.0	2.0	2.0	2.0	2.0	2.0	2.0	1.0	1.0	1.0	2.0	4.0	1.0	4.0	4.0	4.0
TCGA-DX-A6YQ	2.0	1.0	4.0	0.0	0.0	0.0	0.0	2.0	0.0	0.0	2.0	2.0	2.0	1.0	0.0	1.0	1.0	1.0	1.0	1.0	1.0	0.0	0.0	0.0	2.0	1.0	1.0	1.0	1.0	1.0	1.0	1.0	1.0	1.0	0.0	0.0	0.0	0.0	0.0	1.0	1.0	0.0	0.0	0.0	0.0	0.0	0.0	0.0	0.0	0.0	0.0	3.0	1.0	1.0	1.0	1.0
TCGA-DX-A7EL	1.0	0.0	0.0	0.0	0.0	0.0	0.0	0.0	0.0	0.0	0.0	0.0	4.0	0.0	0.0	0.0	1.0	1.0	0.0	0.0	0.0	0.0	0.0	0.0	0.0	0.0	0.0	0.0	1.0	2.0	2.0	2.0	2.0	2.0	0.0	0.0	0.0	0.0	0.0	0.0	0.0	0.0	0.0	0.0	0.0	0.0	0.0	1.0	0.0	0.0	0.0	0.0	0.0	0.0	0.0	0.0
TCGA-IE-A3OV	1.0	2.0	3.0	3.0	3.0	3.0	3.0	3.0	3.0	3.0	1.0	1.0	1.0	0.0	1.0	3.0	3.0	3.0	2.0	1.0	0.0	3.0	3.0	3.0	2.0	0.0	0.0	1.0	3.0	3.0	3.0	3.0	2.0	2.0	1.0	3.0	3.0	3.0	3.0	4.0	2.0	2.0	0.0	1.0	1.0	0.0	1.0	1.0	0.0	0.0	2.0	2.0	2.0	1.0	2.0	2.0
TCGA-DX-A8BO	2.0	2.0	2.0	2.0	1.0	0.0	2.0	2.0	2.0	1.0	2.0	0.0	1.0	2.0	0.0	1.0	1.0	1.0	0.0	1.0	1.0	2.0	2.0	2.0	2.0	2.0	0.0	0.0	0.0	0.0	0.0	0.0	1.0	1.0	0.0	2.0	2.0	2.0	2.0	0.0	0.0	2.0	2.0	2.0	2.0	2.0	2.0	2.0	2.0	2.0	0.0	2.0	1.0	1.0	1.0	1.0
TCGA-UE-A6QT	0.0	0.0	0.0	0.0	0.0	0.0	0.0	0.0	0.0	0.0	0.0	0.0	0.0	1.0	1.0	0.0	0.0	0.0	0.0	0.0	0.0	1.0	1.0	1.0	0.0	0.0	0.0	0.0	0.0	0.0	0.0	0.0	0.0	0.0	0.0	0.0	0.0	0.0	0.0	0.0	1.0	0.0	0.0	0.0	0.0	0.0	0.0	0.0	0.0	0.0	0.0	0.0	0.0	0.0	0.0	0.0
TCGA-IF-A4AJ	1.0	1.0	2.0	2.0	2.0	2.0	1.0	1.0	1.0	1.0	1.0	2.0	0.0	2.0	2.0	0.0	0.0	0.0	1.0	1.0	1.0	2.0	2.0	2.0	1.0	1.0	1.0	2.0	2.0	2.0	2.0	2.0	2.0	2.0	2.0	2.0	2.0	2.0	2.0	2.0	0.0	0.0	0.0	0.0	0.0	0.0	0.0	0.0	0.0	0.0	1.0	1.0	1.0	0.0	0.0	0.0
TCGA-DX-AB32	0.0	0.0	0.0	0.0	0.0	1.0	1.0	1.0	1.0	1.0	0.0	1.0	1.0	1.0	0.0	0.0	0.0	0.0	1.0	1.0	1.0	0.0	0.0	0.0	0.0	0.0	1.0	1.0	1.0	1.0	1.0	1.0	1.0	1.0	0.0	0.0	0.0	0.0	0.0	1.0	1.0	1.0	1.0	1.0	1.0	1.0	0.0	0.0	0.0	0.0	1.0	0.0	1.0	1.0	1.0	1.0
TCGA-DX-A1KZ	2.0	2.0	0.0	2.0	1.0	1.0	3.0	2.0	2.0	2.0	2.0	2.0	2.0	4.0	4.0	2.0	2.0	2.0	1.0	1.0	1.0	8.0	8.0	6.0	11.0	0.0	1.0	2.0	2.0	2.0	2.0	0.0	0.0	0.0	2.0	2.0	2.0	2.0	2.0	2.0	1.0	2.0	2.0	2.0	2.0	2.0	2.0	2.0	2.0	2.0	2.0	2.0	2.0	2.0	2.0	2.0
TCGA-DX-A23Y	1.0	3.0	2.0	2.0	2.0	1.0	0.0	2.0	2.0	2.0	0.0	2.0	0.0	1.0	2.0	2.0	3.0	3.0	0.0	13.0	13.0	1.0	1.0	3.0	2.0	1.0	0.0	1.0	1.0	1.0	1.0	1.0	2.0	4.0	2.0	1.0	1.0	1.0	1.0	2.0	0.0	1.0	1.0	1.0	1.0	1.0	1.0	1.0	1.0	1.0	2.0	2.0	1.0	1.0	1.0	1.0
TCGA-3B-A9I1	2.0	3.0	2.0	2.0	3.0	1.0	0.0	2.0	2.0	3.0	2.0	3.0	3.0	3.0	2.0	2.0	3.0	3.0	1.0	1.0	1.0	2.0	2.0	2.0	0.0	1.0	1.0	0.0	4.0	5.0	5.0	5.0	0.0	0.0	1.0	1.0	1.0	1.0	1.0	1.0	0.0	3.0	3.0	3.0	3.0	3.0	3.0	3.0	3.0	3.0	3.0	1.0	2.0	1.0	1.0	1.0
TCGA-SG-A849	2.0	2.0	2.0	2.0	3.0	0.0	1.0	3.0	4.0	3.0	1.0	0.0	1.0	1.0	1.0	0.0	0.0	0.0	0.0	0.0	0.0	1.0	1.0	1.0	3.0	1.0	0.0	2.0	1.0	2.0	2.0	3.0	3.0	3.0	0.0	0.0	0.0	0.0	0.0	0.0	1.0	1.0	1.0	1.0	1.0	1.0	1.0	1.0	1.0	1.0	0.0	1.0	0.0	2.0	1.0	1.0
TCGA-X6-A8C4	2.0	1.0	4.0	4.0	3.0	3.0	2.0	1.0	1.0	1.0	0.0	2.0	1.0	4.0	6.0	1.0	2.0	2.0	1.0	1.0	1.0	2.0	2.0	1.0	2.0	2.0	0.0	2.0	0.0	1.0	1.0	0.0	1.0	1.0	1.0	0.0	0.0	0.0	0.0	0.0	0.0	1.0	0.0	0.0	0.0	0.0	1.0	0.0	2.0	1.0	3.0	1.0	0.0	2.0	3.0	3.0
TCGA-DX-A7EF	2.0	2.0	2.0	2.0	2.0	2.0	2.0	0.0	4.0	4.0	1.0	1.0	2.0	2.0	2.0	1.0	1.0	1.0	4.0	4.0	4.0	4.0	4.0	5.0	3.0	4.0	4.0	2.0	6.0	4.0	4.0	4.0	4.0	4.0	1.0	4.0	4.0	4.0	4.0	4.0	4.0	2.0	2.0	2.0	2.0	2.0	6.0	6.0	6.0	5.0	3.0	5.0	2.0	2.0	2.0	2.0
TCGA-IE-A6BZ	1.0	1.0	0.0	0.0	0.0	1.0	0.0	1.0	1.0	1.0	0.0	2.0	2.0	2.0	2.0	1.0	0.0	0.0	3.0	3.0	3.0	0.0	0.0	0.0	1.0	0.0	0.0	1.0	2.0	2.0	2.0	2.0	1.0	1.0	1.0	0.0	0.0	0.0	0.0	0.0	0.0	0.0	1.0	2.0	2.0	2.0	2.0	2.0	2.0	2.0	2.0	2.0	1.0	0.0	0.0	0.0
TCGA-3B-A9HZ	1.0	2.0	2.0	2.0	2.0	2.0	2.0	2.0	2.0	2.0	2.0	2.0	2.0	2.0	2.0	2.0	2.0	2.0	0.0	2.0	2.0	2.0	2.0	2.0	2.0	1.0	1.0	2.0	2.0	2.0	2.0	2.0	2.0	2.0	4.0	2.0	2.0	2.0	2.0	2.0	0.0	2.0	2.0	2.0	2.0	2.0	2.0	2.0	2.0	2.0	2.0	2.0	2.0	2.0	2.0	2.0
TCGA-DX-A6BG	0.0	0.0	0.0	0.0	0.0	0.0	0.0	0.0	0.0	0.0	0.0	0.0	0.0	0.0	1.0	0.0	0.0	0.0	0.0	0.0	0.0	0.0	0.0	0.0	0.0	0.0	0.0	0.0	0.0	0.0	0.0	0.0	0.0	0.0	0.0	0.0	0.0	0.0	0.0	0.0	0.0	0.0	0.0	0.0	0.0	0.0	0.0	0.0	0.0	0.0	0.0	0.0	0.0	0.0	0.0	0.0
TCGA-X6-A8C3	1.0	1.0	1.0	1.0	1.0	1.0	1.0	0.0	2.0	2.0	1.0	0.0	1.0	1.0	0.0	0.0	0.0	0.0	0.0	0.0	0.0	2.0	2.0	2.0	1.0	3.0	0.0	2.0	2.0	2.0	2.0	2.0	2.0	2.0	2.0	0.0	0.0	0.0	0.0	1.0	1.0	1.0	1.0	1.0	1.0	1.0	2.0	2.0	2.0	1.0	1.0	2.0	0.0	2.0	1.0	1.0
TCGA-DX-A3UF	0.0	1.0	0.0	0.0	0.0	2.0	1.0	3.0	2.0	2.0	2.0	2.0	1.0	3.0	3.0	3.0	3.0	3.0	0.0	0.0	0.0	1.0	2.0	2.0	2.0	0.0	1.0	2.0	2.0	2.0	2.0	2.0	2.0	2.0	2.0	0.0	0.0	0.0	0.0	0.0	0.0	1.0	0.0	0.0	0.0	0.0	0.0	0.0	0.0	0.0	1.0	1.0	1.0	1.0	1.0	1.0
TCGA-DX-AB2X	1.0	1.0	3.0	0.0	0.0	0.0	1.0	0.0	0.0	0.0	0.0	0.0	0.0	1.0	0.0	0.0	0.0	0.0	0.0	0.0	0.0	5.0	5.0	5.0	1.0	1.0	1.0	2.0	0.0	0.0	0.0	0.0	0.0	0.0	1.0	2.0	2.0	2.0	2.0	2.0	1.0	1.0	1.0	2.0	2.0	2.0	2.0	2.0	2.0	1.0	1.0	0.0	0.0	1.0	1.0	1.0
TCGA-3B-A9HT	1.0	1.0	1.0	1.0	1.0	1.0	1.0	1.0	1.0	1.0	1.0	1.0	1.0	3.0	4.0	4.0	4.0	4.0	1.0	1.0	1.0	2.0	2.0	2.0	1.0	1.0	1.0	1.0	1.0	1.0	1.0	1.0	1.0	1.0	1.0	2.0	2.0	2.0	2.0	2.0	2.0	1.0	2.0	2.0	2.0	2.0	2.0	2.0	2.0	2.0	1.0	1.0	1.0	2.0	2.0	2.0
TCGA-QC-A6FX	3.0	2.0	2.0	2.0	2.0	2.0	0.0	2.0	2.0	2.0	2.0	0.0	6.0	2.0	3.0	0.0	2.0	2.0	2.0	2.0	2.0	2.0	2.0	2.0	5.0	2.0	2.0	1.0	8.0	8.0	8.0	2.0	2.0	2.0	3.0	1.0	1.0	1.0	1.0	5.0	1.0	1.0	1.0	1.0	1.0	1.0	1.0	1.0	1.0	1.0	0.0	8.0	1.0	3.0	3.0	3.0
TCGA-DX-A3U8	2.0	2.0	2.0	2.0	2.0	2.0	2.0	4.0	4.0	4.0	4.0	2.0	2.0	4.0	4.0	4.0	4.0	4.0	2.0	2.0	2.0	4.0	4.0	4.0	2.0	2.0	2.0	2.0	1.0	1.0	2.0	2.0	2.0	2.0	2.0	2.0	2.0	2.0	2.0	2.0	2.0	2.0	2.0	2.0	2.0	2.0	2.0	2.0	2.0	2.0	2.0	2.0	2.0	2.0	1.0	1.0
TCGA-DX-A3LW	0.0	2.0	2.0	2.0	2.0	2.0	2.0	2.0	2.0	2.0	2.0	2.0	2.0	2.0	2.0	2.0	2.0	2.0	2.0	2.0	2.0	2.0	2.0	2.0	2.0	2.0	2.0	0.0	2.0	3.0	3.0	3.0	3.0	3.0	2.0	2.0	2.0	2.0	2.0	2.0	1.0	0.0	0.0	0.0	0.0	0.0	2.0	2.0	2.0	2.0	2.0	4.0	1.0	1.0	1.0	1.0
TCGA-SI-A71P	0.0	0.0	0.0	0.0	1.0	1.0	0.0	0.0	0.0	0.0	0.0	0.0	0.0	0.0	0.0	0.0	0.0	0.0	1.0	1.0	1.0	0.0	0.0	0.0	0.0	0.0	1.0	0.0	1.0	1.0	1.0	1.0	1.0	1.0	0.0	1.0	1.0	1.0	1.0	0.0	1.0	0.0	0.0	0.0	0.0	0.0	0.0	0.0	0.0	1.0	1.0	0.0	0.0	0.0	0.0	0.0
TCGA-FX-A8OO	0.0	0.0	0.0	0.0	0.0	1.0	0.0	0.0	0.0	0.0	0.0	0.0	0.0	0.0	0.0	0.0	0.0	0.0	0.0	0.0	0.0	0.0	0.0	0.0	0.0	0.0	0.0	0.0	0.0	0.0	0.0	0.0	0.0	0.0	0.0	0.0	0.0	0.0	0.0	0.0	0.0	0.0	0.0	0.0	0.0	0.0	0.0	0.0	0.0	0.0	0.0	0.0	0.0	0.0	0.0	0.0
TCGA-PC-A5DO	2.0	2.0	2.0	2.0	2.0	0.0	2.0	2.0	2.0	2.0	2.0	2.0	2.0	2.0	2.0	2.0	2.0	2.0	2.0	2.0	2.0	0.0	0.0	0.0	1.0	2.0	2.0	0.0	2.0	2.0	2.0	2.0	2.0	2.0	2.0	2.0	2.0	2.0	2.0	2.0	0.0	2.0	2.0	2.0	2.0	2.0	2.0	2.0	2.0	2.0	2.0	2.0	4.0	2.0	1.0	1.0
TCGA-MB-A8JK	2.0	2.0	2.0	2.0	2.0	0.0	1.0	4.0	1.0	1.0	0.0	1.0	2.0	0.0	0.0	1.0	1.0	1.0	2.0	2.0	2.0	0.0	0.0	0.0	2.0	2.0	0.0	3.0	1.0	1.0	1.0	1.0	1.0	1.0	0.0	1.0	1.0	1.0	1.0	1.0	1.0	0.0	2.0	2.0	2.0	2.0	2.0	0.0	0.0	1.0	3.0	2.0	0.0	1.0	1.0	1.0
TCGA-DX-A3U5	1.0	0.0	0.0	0.0	0.0	1.0	1.0	0.0	0.0	0.0	0.0	0.0	0.0	0.0	0.0	0.0	0.0	0.0	0.0	0.0	0.0	1.0	1.0	0.0	0.0	0.0	1.0	3.0	1.0	1.0	1.0	1.0	1.0	1.0	0.0	1.0	1.0	1.0	1.0	3.0	1.0	0.0	0.0	0.0	0.0	0.0	0.0	0.0	0.0	0.0	0.0	1.0	1.0	0.0	0.0	0.0
TCGA-KD-A5QS	0.0	1.0	2.0	2.0	2.0	0.0	0.0	2.0	2.0	1.0	2.0	1.0	0.0	2.0	2.0	2.0	0.0	1.0	1.0	1.0	1.0	2.0	2.0	2.0	2.0	0.0	0.0	1.0	1.0	0.0	0.0	0.0	0.0	0.0	2.0	1.0	1.0	1.0	1.0	2.0	0.0	1.0	1.0	1.0	1.0	1.0	1.0	2.0	3.0	3.0	2.0	2.0	2.0	0.0	1.0	1.0
TCGA-HS-A5NA	1.0	1.0	0.0	0.0	0.0	1.0	0.0	0.0	0.0	0.0	0.0	0.0	0.0	0.0	0.0	0.0	0.0	0.0	0.0	0.0	0.0	0.0	0.0	0.0	0.0	0.0	0.0	0.0	1.0	1.0	1.0	1.0	1.0	1.0	0.0	0.0	0.0	0.0	0.0	0.0	1.0	0.0	0.0	0.0	0.0	0.0	0.0	0.0	0.0	0.0	0.0	0.0	0.0	1.0	1.0	1.0
TCGA-UE-A6QU	1.0	0.0	0.0	0.0	0.0	0.0	0.0	2.0	2.0	1.0	0.0	2.0	1.0	1.0	1.0	1.0	0.0	0.0	0.0	0.0	0.0	0.0	0.0	0.0	1.0	0.0	0.0	0.0	2.0	2.0	2.0	0.0	0.0	0.0	1.0	0.0	0.0	0.0	0.0	0.0	0.0	1.0	1.0	1.0	1.0	1.0	1.0	2.0	2.0	1.0	0.0	3.0	1.0	1.0	1.0	1.0
TCGA-3B-A9I0	0.0	0.0	0.0	0.0	0.0	0.0	0.0	0.0	0.0	0.0	0.0	0.0	0.0	1.0	0.0	0.0	0.0	0.0	0.0	0.0	0.0	0.0	0.0	0.0	0.0	0.0	0.0	0.0	0.0	0.0	0.0	0.0	0.0	0.0	0.0	0.0	0.0	0.0	0.0	0.0	0.0	0.0	0.0	0.0	0.0	0.0	0.0	0.0	0.0	0.0	0.0	0.0	0.0	0.0	0.0	0.0
TCGA-DX-A6YT	0.0	0.0	0.0	2.0	2.0	2.0	1.0	2.0	2.0	2.0	2.0	2.0	2.0	2.0	2.0	2.0	2.0	2.0	2.0	2.0	2.0	0.0	0.0	0.0	5.0	2.0	2.0	0.0	2.0	2.0	2.0	3.0	3.0	4.0	3.0	2.0	2.0	2.0	2.0	0.0	0.0	4.0	2.0	2.0	2.0	2.0	2.0	2.0	2.0	2.0	0.0	2.0	2.0	2.0	2.0	2.0
TCGA-JV-A5VF	3.0	2.0	2.0	2.0	1.0	0.0	0.0	0.0	0.0	0.0	2.0	0.0	1.0	2.0	1.0	1.0	1.0	1.0	2.0	2.0	2.0	2.0	2.0	2.0	2.0	0.0	1.0	0.0	0.0	0.0	0.0	0.0	0.0	0.0	1.0	0.0	0.0	0.0	0.0	0.0	0.0	1.0	1.0	1.0	1.0	1.0	1.0	1.0	1.0	1.0	0.0	1.0	2.0	0.0	0.0	0.0
TCGA-DX-AB2J	2.0	2.0	2.0	2.0	2.0	2.0	2.0	0.0	0.0	0.0	2.0	2.0	2.0	2.0	2.0	2.0	2.0	2.0	2.0	2.0	2.0	2.0	2.0	2.0	2.0	2.0	2.0	5.0	2.0	2.0	2.0	2.0	2.0	2.0	2.0	2.0	2.0	2.0	2.0	2.0	0.0	2.0	2.0	2.0	2.0	2.0	2.0	2.0	2.0	2.0	2.0	2.0	2.0	2.0	2.0	2.0
TCGA-SI-AA8B	3.0	4.0	5.0	5.0	5.0	0.0	0.0	1.0	1.0	1.0	1.0	3.0	3.0	1.0	6.0	0.0	0.0	0.0	3.0	3.0	3.0	0.0	0.0	3.0	2.0	1.0	1.0	2.0	1.0	1.0	1.0	1.0	0.0	0.0	5.0	2.0	2.0	2.0	2.0	2.0	0.0	2.0	2.0	2.0	2.0	2.0	2.0	2.0	2.0	4.0	3.0	1.0	1.0	0.0	0.0	0.0
TCGA-DX-A48N	2.0	2.0	2.0	2.0	2.0	2.0	2.0	0.0	0.0	0.0	2.0	2.0	2.0	2.0	2.0	2.0	2.0	2.0	2.0	2.0	2.0	5.0	4.0	12.0	12.0	2.0	4.0	1.0	1.0	2.0	2.0	1.0	0.0	1.0	2.0	2.0	2.0	2.0	2.0	2.0	1.0	1.0	2.0	2.0	2.0	3.0	4.0	3.0	3.0	2.0	2.0	2.0	2.0	2.0	2.0	2.0
TCGA-DX-A3LU	0.0	0.0	0.0	0.0	0.0	0.0	0.0	0.0	0.0	0.0	0.0	0.0	0.0	0.0	14.0	0.0	0.0	0.0	0.0	12.0	8.0	0.0	0.0	0.0	0.0	0.0	0.0	0.0	0.0	0.0	0.0	0.0	0.0	0.0	0.0	0.0	0.0	0.0	0.0	0.0	0.0	0.0	0.0	0.0	0.0	0.0	0.0	0.0	0.0	0.0	0.0	0.0	0.0	0.0	0.0	0.0
TCGA-DX-AATS	1.0	2.0	2.0	2.0	2.0	0.0	6.0	2.0	4.0	4.0	1.0	3.0	1.0	7.0	7.0	1.0	1.0	1.0	2.0	3.0	3.0	0.0	1.0	1.0	3.0	1.0	1.0	1.0	3.0	2.0	2.0	2.0	2.0	2.0	1.0	0.0	0.0	0.0	0.0	0.0	0.0	1.0	1.0	1.0	1.0	1.0	1.0	1.0	1.0	0.0	7.0	2.0	1.0	1.0	1.0	1.0
TCGA-HB-A3YV	2.0	5.0	6.0	2.0	2.0	1.0	1.0	1.0	0.0	0.0	0.0	7.0	3.0	1.0	2.0	2.0	2.0	2.0	2.0	14.0	14.0	2.0	1.0	0.0	1.0	2.0	0.0	7.0	2.0	2.0	2.0	2.0	2.0	2.0	0.0	1.0	1.0	1.0	1.0	1.0	0.0	1.0	3.0	3.0	3.0	3.0	1.0	1.0	2.0	1.0	1.0	3.0	3.0	2.0	1.0	1.0
TCGA-PC-A5DM	2.0	1.0	1.0	1.0	2.0	1.0	0.0	2.0	2.0	2.0	0.0	1.0	0.0	5.0	3.0	0.0	0.0	0.0	2.0	3.0	3.0	1.0	1.0	1.0	1.0	1.0	0.0	0.0	0.0	5.0	5.0	2.0	2.0	2.0	0.0	1.0	1.0	1.0	1.0	1.0	0.0	2.0	2.0	2.0	2.0	2.0	2.0	2.0	2.0	0.0	2.0	1.0	2.0	2.0	2.0	2.0
TCGA-QQ-A5V9	1.0	2.0	2.0	2.0	2.0	1.0	1.0	1.0	1.0	1.0	1.0	1.0	0.0	7.0	7.0	2.0	1.0	1.0	3.0	3.0	3.0	2.0	2.0	3.0	2.0	1.0	1.0	0.0	0.0	0.0	0.0	0.0	0.0	0.0	2.0	3.0	3.0	3.0	3.0	2.0	1.0	0.0	0.0	1.0	1.0	1.0	1.0	1.0	1.0	0.0	2.0	6.0	5.0	3.0	3.0	3.0
TCGA-DX-AB3A	0.0	0.0	0.0	0.0	0.0	1.0	0.0	0.0	0.0	0.0	0.0	0.0	0.0	0.0	0.0	0.0	0.0	0.0	0.0	0.0	0.0	0.0	0.0	0.0	0.0	0.0	0.0	1.0	0.0	0.0	0.0	0.0	0.0	0.0	0.0	1.0	1.0	1.0	1.0	1.0	0.0	0.0	1.0	0.0	1.0	1.0	0.0	8.0	9.0	1.0	1.0	0.0	1.0	1.0	1.0	1.0
TCGA-DX-A6YS	2.0	0.0	0.0	0.0	0.0	1.0	1.0	0.0	1.0	1.0	1.0	1.0	0.0	2.0	3.0	1.0	2.0	2.0	1.0	1.0	1.0	1.0	1.0	3.0	2.0	1.0	0.0	1.0	1.0	1.0	1.0	1.0	1.0	1.0	1.0	2.0	2.0	2.0	2.0	2.0	0.0	1.0	1.0	1.0	1.0	1.0	1.0	1.0	2.0	1.0	0.0	3.0	1.0	2.0	0.0	0.0
TCGA-MB-A8JL	0.0	0.0	0.0	0.0	0.0	0.0	0.0	0.0	0.0	1.0	0.0	0.0	0.0	1.0	1.0	1.0	1.0	1.0	0.0	0.0	0.0	1.0	1.0	0.0	0.0	0.0	0.0	1.0	1.0	1.0	1.0	1.0	1.0	1.0	0.0	1.0	1.0	1.0	1.0	1.0	0.0	0.0	0.0	0.0	0.0	0.0	0.0	0.0	0.0	0.0	0.0	0.0	0.0	0.0	0.0	0.0
TCGA-DX-A23V	0.0	0.0	0.0	1.0	0.0	0.0	0.0	0.0	0.0	0.0	0.0	0.0	0.0	0.0	0.0	0.0	0.0	0.0	0.0	0.0	0.0	0.0	0.0	0.0	0.0	0.0	0.0	0.0	0.0	0.0	0.0	0.0	0.0	0.0	0.0	0.0	0.0	0.0	0.0	0.0	0.0	0.0	0.0	0.0	0.0	0.0	0.0	0.0	0.0	0.0	0.0	0.0	0.0	0.0	1.0	1.0
TCGA-PC-A5DK	0.0	2.0	2.0	2.0	2.0	2.0	2.0	2.0	2.0	2.0	2.0	2.0	2.0	2.0	2.0	2.0	2.0	2.0	2.0	2.0	2.0	2.0	2.0	2.0	2.0	2.0	2.0	2.0	2.0	2.0	2.0	2.0	2.0	2.0	2.0	2.0	2.0	2.0	2.0	2.0	2.0	2.0	2.0	2.0	2.0	2.0	2.0	2.0	2.0	2.0	2.0	2.0	2.0	2.0	2.0	2.0
TCGA-QQ-A8VB	0.0	0.0	0.0	0.0	0.0	1.0	2.0	0.0	0.0	0.0	0.0	2.0	0.0	2.0	3.0	2.0	2.0	2.0	0.0	0.0	0.0	1.0	1.0	1.0	0.0	0.0	0.0	1.0	1.0	1.0	1.0	1.0	1.0	1.0	1.0	1.0	1.0	1.0	1.0	1.0	1.0	0.0	2.0	2.0	2.0	2.0	2.0	2.0	2.0	2.0	0.0	1.0	0.0	0.0	0.0	0.0
TCGA-RN-AAAQ	1.0	1.0	1.0	0.0	0.0	0.0	2.0	1.0	0.0	0.0	1.0	2.0	2.0	5.0	1.0	2.0	2.0	2.0	0.0	0.0	0.0	2.0	2.0	2.0	2.0	1.0	0.0	5.0	2.0	3.0	5.0	1.0	0.0	0.0	2.0	1.0	1.0	1.0	1.0	1.0	0.0	1.0	2.0	2.0	2.0	2.0	2.0	4.0	4.0	3.0	0.0	1.0	0.0	1.0	1.0	1.0
TCGA-X6-A8C5	0.0	2.0	2.0	2.0	2.0	2.0	1.0	2.0	2.0	2.0	2.0	0.0	2.0	2.0	2.0	2.0	2.0	0.0	0.0	0.0	0.0	2.0	2.0	2.0	2.0	2.0	2.0	2.0	1.0	0.0	0.0	0.0	0.0	0.0	2.0	2.0	2.0	2.0	2.0	2.0	0.0	2.0	2.0	2.0	2.0	2.0	2.0	2.0	2.0	2.0	2.0	2.0	2.0	2.0	2.0	2.0
TCGA-IS-A3K6	0.0	0.0	0.0	0.0	0.0	0.0	1.0	0.0	0.0	0.0	0.0	0.0	0.0	1.0	1.0	0.0	0.0	0.0	0.0	0.0	0.0	0.0	0.0	0.0	0.0	0.0	0.0	1.0	0.0	0.0	0.0	1.0	1.0	1.0	0.0	0.0	0.0	0.0	0.0	0.0	0.0	0.0	0.0	0.0	0.0	0.0	0.0	0.0	0.0	0.0	0.0	0.0	0.0	0.0	0.0	0.0
TCGA-3B-A9HS	2.0	1.0	2.0	4.0	1.0	2.0	0.0	1.0	1.0	1.0	1.0	2.0	4.0	2.0	3.0	3.0	1.0	1.0	1.0	2.0	2.0	1.0	1.0	2.0	1.0	0.0	0.0	1.0	1.0	1.0	1.0	0.0	1.0	1.0	2.0	2.0	2.0	2.0	2.0	2.0	2.0	5.0	1.0	1.0	1.0	1.0	1.0	1.0	1.0	1.0	0.0	4.0	1.0	1.0	1.0	1.0
TCGA-DX-A3UB	0.0	0.0	0.0	0.0	0.0	0.0	0.0	0.0	0.0	0.0	0.0	0.0	0.0	0.0	0.0	0.0	0.0	0.0	0.0	0.0	0.0	0.0	0.0	0.0	0.0	0.0	0.0	0.0	0.0	0.0	0.0	0.0	0.0	0.0	1.0	0.0	0.0	0.0	0.0	0.0	0.0	0.0	0.0	0.0	0.0	0.0	0.0	0.0	0.0	0.0	0.0	0.0	0.0	0.0	0.0	0.0
TCGA-SI-A71Q	0.0	0.0	0.0	0.0	0.0	2.0	2.0	4.0	2.0	2.0	0.0	1.0	1.0	2.0	2.0	1.0	1.0	1.0	0.0	1.0	0.0	3.0	3.0	3.0	0.0	1.0	1.0	1.0	2.0	2.0	2.0	2.0	2.0	2.0	2.0	1.0	1.0	1.0	1.0	1.0	1.0	0.0	2.0	2.0	2.0	2.0	2.0	2.0	2.0	3.0	0.0	2.0	2.0	1.0	1.0	1.0
TCGA-DX-A6YZ	1.0	1.0	1.0	1.0	3.0	1.0	2.0	1.0	1.0	1.0	1.0	1.0	1.0	2.0	2.0	2.0	2.0	2.0	2.0	2.0	2.0	0.0	0.0	0.0	2.0	1.0	0.0	0.0	0.0	0.0	0.0	0.0	0.0	0.0	0.0	1.0	1.0	1.0	1.0	2.0	1.0	2.0	2.0	2.0	2.0	2.0	4.0	4.0	4.0	3.0	1.0	5.0	2.0	2.0	1.0	1.0
TCGA-QQ-A8VF	0.0	0.0	0.0	0.0	0.0	0.0	0.0	1.0	1.0	1.0	0.0	0.0	0.0	2.0	2.0	2.0	2.0	2.0	0.0	0.0	0.0	1.0	1.0	1.0	0.0	0.0	0.0	0.0	2.0	2.0	2.0	1.0	1.0	1.0	2.0	0.0	0.0	0.0	0.0	0.0	0.0	0.0	0.0	0.0	0.0	0.0	0.0	0.0	0.0	0.0	0.0	2.0	1.0	2.0	2.0	2.0
TCGA-DX-A48K	2.0	2.0	3.0	3.0	3.0	2.0	1.0	2.0	2.0	2.0	2.0	4.0	4.0	2.0	2.0	2.0	2.0	2.0	1.0	1.0	1.0	2.0	3.0	3.0	3.0	2.0	0.0	2.0	2.0	3.0	3.0	2.0	2.0	2.0	2.0	1.0	1.0	1.0	1.0	2.0	1.0	3.0	2.0	3.0	3.0	3.0	4.0	3.0	3.0	1.0	0.0	2.0	3.0	2.0	1.0	1.0
TCGA-3B-A9HI	1.0	1.0	1.0	1.0	1.0	0.0	0.0	2.0	2.0	2.0	1.0	0.0	1.0	4.0	5.0	2.0	1.0	1.0	2.0	2.0	2.0	2.0	2.0	0.0	6.0	2.0	0.0	0.0	2.0	2.0	2.0	2.0	2.0	2.0	1.0	1.0	1.0	1.0	1.0	2.0	0.0	2.0	1.0	1.0	1.0	1.0	1.0	2.0	1.0	0.0	2.0	3.0	2.0	1.0	1.0	1.0
TCGA-DX-AB2T	4.0	3.0	3.0	3.0	2.0	1.0	1.0	1.0	1.0	1.0	2.0	2.0	2.0	2.0	2.0	2.0	2.0	2.0	3.0	3.0	3.0	0.0	0.0	1.0	1.0	1.0	1.0	0.0	1.0	2.0	2.0	2.0	1.0	4.0	2.0	1.0	1.0	1.0	1.0	1.0	1.0	0.0	0.0	0.0	0.0	0.0	2.0	2.0	2.0	1.0	2.0	1.0	2.0	0.0	0.0	1.0
TCGA-X9-A971	1.0	0.0	1.0	1.0	1.0	2.0	2.0	2.0	2.0	2.0	1.0	2.0	2.0	2.0	2.0	2.0	1.0	1.0	2.0	2.0	2.0	0.0	0.0	0.0	3.0	1.0	1.0	2.0	4.0	4.0	4.0	6.0	3.0	8.0	1.0	2.0	2.0	2.0	3.0	3.0	1.0	2.0	2.0	2.0	2.0	2.0	2.0	2.0	2.0	1.0	2.0	0.0	2.0	3.0	3.0	3.0
TCGA-DX-A8BT	0.0	0.0	0.0	0.0	0.0	0.0	0.0	0.0	0.0	0.0	0.0	1.0	0.0	0.0	1.0	1.0	1.0	1.0	0.0	0.0	0.0	1.0	1.0	1.0	0.0	0.0	1.0	0.0	1.0	0.0	0.0	0.0	1.0	1.0	1.0	0.0	0.0	0.0	0.0	0.0	1.0	0.0	0.0	0.0	0.0	0.0	0.0	0.0	0.0	0.0	0.0	0.0	0.0	1.0	0.0	0.0
TCGA-DX-A8BM	2.0	0.0	1.0	1.0	1.0	0.0	5.0	0.0	0.0	1.0	1.0	1.0	0.0	1.0	4.0	2.0	1.0	1.0	0.0	1.0	1.0	2.0	2.0	2.0	1.0	1.0	1.0	0.0	1.0	1.0	1.0	1.0	1.0	0.0	1.0	2.0	2.0	2.0	2.0	2.0	0.0	0.0	0.0	0.0	0.0	0.0	2.0	2.0	3.0	1.0	2.0	2.0	0.0	1.0	0.0	0.0
TCGA-DX-A2IZ	0.0	0.0	0.0	0.0	0.0	0.0	0.0	0.0	0.0	0.0	0.0	1.0	1.0	0.0	10.0	0.0	0.0	0.0	0.0	0.0	0.0	0.0	0.0	0.0	0.0	0.0	0.0	0.0	1.0	0.0	0.0	0.0	0.0	0.0	1.0	0.0	0.0	0.0	0.0	0.0	0.0	0.0	0.0	0.0	0.0	0.0	0.0	0.0	0.0	0.0	0.0	0.0	1.0	1.0	1.0	1.0
TCGA-DX-AB2P	4.0	4.0	5.0	5.0	2.0	2.0	0.0	2.0	2.0	2.0	2.0	5.0	6.0	2.0	7.0	2.0	3.0	3.0	2.0	2.0	2.0	4.0	4.0	4.0	4.0	1.0	2.0	3.0	3.0	4.0	4.0	1.0	1.0	1.0	3.0	2.0	2.0	2.0	2.0	3.0	0.0	2.0	1.0	2.0	2.0	2.0	2.0	2.0	2.0	4.0	1.0	4.0	2.0	2.0	1.0	1.0
TCGA-DX-A8BN	2.0	2.0	2.0	2.0	2.0	2.0	1.0	3.0	3.0	3.0	2.0	2.0	0.0	7.0	7.0	2.0	2.0	2.0	6.0	6.0	6.0	1.0	1.0	1.0	2.0	1.0	1.0	1.0	3.0	0.0	0.0	0.0	0.0	0.0	4.0	0.0	0.0	0.0	2.0	2.0	0.0	3.0	3.0	3.0	3.0	3.0	3.0	3.0	3.0	3.0	2.0	2.0	2.0	0.0	0.0	0.0
TCGA-DX-A1KY	0.0	0.0	0.0	0.0	0.0	1.0	0.0	0.0	2.0	0.0	1.0	3.0	1.0	0.0	0.0	0.0	0.0	0.0	0.0	0.0	0.0	3.0	3.0	3.0	1.0	0.0	0.0	1.0	0.0	0.0	0.0	0.0	1.0	1.0	0.0	0.0	0.0	0.0	0.0	0.0	0.0	0.0	0.0	0.0	0.0	0.0	0.0	0.0	0.0	0.0	1.0	1.0	1.0	1.0	1.0	1.0
TCGA-3B-A9HP	0.0	0.0	0.0	0.0	0.0	1.0	0.0	0.0	0.0	0.0	0.0	0.0	0.0	0.0	0.0	0.0	0.0	0.0	0.0	0.0	0.0	1.0	1.0	1.0	0.0	0.0	0.0	0.0	0.0	0.0	0.0	0.0	1.0	1.0	0.0	0.0	0.0	0.0	0.0	0.0	0.0	0.0	0.0	0.0	0.0	0.0	0.0	0.0	0.0	0.0	1.0	0.0	0.0	0.0	0.0	0.0
TCGA-DX-AB30	2.0	2.0	2.0	2.0	2.0	2.0	2.0	2.0	2.0	2.0	2.0	2.0	2.0	2.0	2.0	2.0	2.0	2.0	2.0	2.0	2.0	8.0	8.0	8.0	2.0	2.0	2.0	2.0	2.0	2.0	2.0	1.0	2.0	2.0	2.0	2.0	2.0	2.0	2.0	2.0	1.0	2.0	2.0	2.0	2.0	2.0	2.0	2.0	2.0	2.0	1.0	3.0	2.0	2.0	2.0	2.0
TCGA-DX-A3M2	2.0	1.0	1.0	4.0	1.0	0.0	0.0	0.0	0.0	0.0	0.0	1.0	0.0	4.0	11.0	2.0	2.0	2.0	2.0	5.0	5.0	0.0	3.0	0.0	4.0	2.0	0.0	4.0	0.0	0.0	0.0	1.0	1.0	1.0	1.0	0.0	0.0	0.0	0.0	2.0	0.0	1.0	1.0	1.0	1.0	1.0	0.0	2.0	2.0	1.0	2.0	2.0	2.0	2.0	2.0	2.0
TCGA-K1-A6RU	2.0	3.0	3.0	3.0	2.0	0.0	0.0	1.0	1.0	1.0	0.0	1.0	1.0	1.0	2.0	1.0	2.0	2.0	2.0	2.0	2.0	1.0	1.0	1.0	4.0	1.0	0.0	1.0	2.0	2.0	2.0	3.0	1.0	1.0	2.0	1.0	1.0	1.0	1.0	3.0	2.0	2.0	2.0	2.0	2.0	2.0	2.0	2.0	2.0	1.0	1.0	3.0	1.0	2.0	1.0	1.0
TCGA-FX-A3TO	4.0	4.0	3.0	2.0	2.0	1.0	0.0	3.0	5.0	3.0	1.0	1.0	1.0	7.0	9.0	3.0	4.0	4.0	2.0	3.0	3.0	2.0	2.0	2.0	7.0	2.0	2.0	3.0	5.0	3.0	3.0	3.0	2.0	2.0	6.0	1.0	1.0	1.0	1.0	1.0	0.0	3.0	3.0	3.0	3.0	3.0	3.0	2.0	3.0	3.0	7.0	5.0	1.0	2.0	0.0	0.0
TCGA-DX-AB2Q	5.0	2.0	2.0	2.0	2.0	1.0	1.0	3.0	2.0	2.0	2.0	6.0	3.0	2.0	7.0	2.0	2.0	2.0	2.0	3.0	3.0	7.0	6.0	3.0	2.0	5.0	0.0	5.0	5.0	4.0	4.0	4.0	4.0	4.0	3.0	1.0	1.0	1.0	2.0	3.0	0.0	2.0	3.0	3.0	3.0	3.0	3.0	7.0	13.0	3.0	0.0	3.0	0.0	8.0	7.0	7.0
TCGA-VT-A80G	1.0	1.0	1.0	1.0	1.0	2.0	1.0	1.0	1.0	0.0	1.0	2.0	3.0	0.0	2.0	0.0	0.0	0.0	0.0	0.0	0.0	2.0	2.0	2.0	2.0	1.0	0.0	1.0	0.0	0.0	0.0	0.0	0.0	0.0	1.0	0.0	0.0	0.0	1.0	1.0	0.0	0.0	0.0	0.0	0.0	0.0	0.0	0.0	0.0	1.0	1.0	2.0	0.0	2.0	2.0	2.0
TCGA-DX-A3UC	0.0	2.0	2.0	2.0	2.0	2.0	2.0	2.0	2.0	2.0	2.0	2.0	2.0	2.0	2.0	2.0	2.0	2.0	0.0	0.0	0.0	2.0	2.0	2.0	2.0	2.0	2.0	2.0	2.0	2.0	2.0	2.0	2.0	2.0	4.0	2.0	2.0	2.0	2.0	2.0	0.0	2.0	2.0	2.0	2.0	2.0	2.0	2.0	2.0	2.0	2.0	2.0	2.0	2.0	2.0	2.0
TCGA-KF-A41W	2.0	2.0	3.0	3.0	1.0	0.0	0.0	1.0	1.0	1.0	1.0	1.0	0.0	0.0	0.0	1.0	1.0	0.0	1.0	1.0	1.0	0.0	0.0	0.0	2.0	1.0	1.0	0.0	1.0	1.0	1.0	1.0	0.0	0.0	0.0	0.0	0.0	0.0	0.0	0.0	1.0	1.0	0.0	1.0	1.0	1.0	1.0	0.0	1.0	0.0	1.0	2.0	0.0	0.0	0.0	0.0
TCGA-3B-A9I3	2.0	2.0	2.0	2.0	2.0	2.0	1.0	1.0	1.0	1.0	2.0	2.0	0.0	2.0	2.0	2.0	2.0	2.0	1.0	0.0	0.0	2.0	2.0	2.0	2.0	0.0	0.0	0.0	0.0	0.0	0.0	0.0	0.0	0.0	1.0	1.0	1.0	1.0	1.0	2.0	0.0	0.0	0.0	0.0	0.0	0.0	3.0	2.0	2.0	0.0	2.0	2.0	2.0	0.0	0.0	0.0
TCGA-DX-A8BV	2.0	2.0	1.0	1.0	1.0	0.0	1.0	2.0	2.0	2.0	2.0	0.0	1.0	9.0	10.0	2.0	2.0	2.0	2.0	2.0	2.0	1.0	1.0	0.0	2.0	2.0	0.0	1.0	1.0	1.0	1.0	1.0	1.0	1.0	1.0	2.0	2.0	2.0	1.0	1.0	1.0	2.0	2.0	2.0	2.0	2.0	3.0	2.0	4.0	3.0	1.0	0.0	3.0	2.0	1.0	1.0
TCGA-QC-A7B5	2.0	2.0	2.0	2.0	1.0	3.0	1.0	2.0	2.0	2.0	2.0	2.0	2.0	1.0	2.0	2.0	2.0	2.0	1.0	1.0	1.0	2.0	2.0	2.0	1.0	2.0	2.0	1.0	0.0	0.0	0.0	0.0	0.0	0.0	0.0	1.0	1.0	1.0	1.0	2.0	0.0	2.0	2.0	2.0	2.0	2.0	2.0	2.0	2.0	2.0	1.0	2.0	2.0	2.0	2.0	2.0
TCGA-DX-A3LT	2.0	2.0	2.0	2.0	2.0	2.0	1.0	2.0	2.0	2.0	0.0	1.0	0.0	0.0	14.0	1.0	1.0	1.0	0.0	0.0	0.0	1.0	1.0	1.0	1.0	2.0	0.0	1.0	0.0	0.0	0.0	0.0	0.0	0.0	0.0	0.0	0.0	0.0	0.0	0.0	0.0	0.0	0.0	0.0	0.0	0.0	0.0	0.0	0.0	0.0	0.0	1.0	1.0	0.0	0.0	0.0
TCGA-IE-A4EI	0.0	0.0	1.0	0.0	0.0	1.0	0.0	0.0	0.0	0.0	0.0	0.0	0.0	2.0	3.0	1.0	1.0	1.0	0.0	0.0	0.0	1.0	1.0	1.0	1.0	0.0	0.0	0.0	0.0	0.0	0.0	0.0	0.0	0.0	2.0	0.0	0.0	0.0	0.0	0.0	1.0	0.0	0.0	0.0	0.0	0.0	0.0	0.0	0.0	0.0	1.0	1.0	0.0	1.0	1.0	1.0
TCGA-QC-AA9N	2.0	2.0	2.0	2.0	2.0	0.0	0.0	2.0	2.0	4.0	2.0	4.0	0.0	0.0	2.0	2.0	2.0	2.0	2.0	2.0	2.0	0.0	0.0	0.0	2.0	0.0	0.0	0.0	2.0	2.0	2.0	2.0	1.0	1.0	0.0	0.0	0.0	0.0	0.0	0.0	0.0	0.0	2.0	2.0	2.0	2.0	2.0	2.0	2.0	2.0	2.0	2.0	3.0	0.0	0.0	0.0
TCGA-X6-A7W8	1.0	1.0	1.0	1.0	1.0	0.0	0.0	2.0	2.0	0.0	0.0	2.0	1.0	3.0	0.0	1.0	0.0	0.0	0.0	0.0	0.0	2.0	2.0	2.0	1.0	1.0	0.0	0.0	2.0	1.0	1.0	1.0	1.0	1.0	0.0	3.0	3.0	3.0	3.0	3.0	0.0	1.0	1.0	1.0	1.0	1.0	1.0	2.0	1.0	1.0	0.0	5.0	0.0	0.0	1.0	1.0
TCGA-WK-A8XX	1.0	2.0	2.0	2.0	1.0	1.0	1.0	2.0	2.0	2.0	2.0	3.0	2.0	3.0	3.0	2.0	2.0	2.0	2.0	2.0	2.0	2.0	2.0	2.0	0.0	1.0	1.0	0.0	2.0	3.0	2.0	2.0	2.0	2.0	1.0	1.0	1.0	1.0	1.0	1.0	1.0	1.0	1.0	1.0	1.0	1.0	1.0	1.0	1.0	1.0	2.0	1.0	2.0	2.0	2.0	2.0
TCGA-DX-AB37	0.0	0.0	0.0	0.0	0.0	0.0	0.0	0.0	0.0	0.0	2.0	0.0	0.0	0.0	0.0	0.0	0.0	0.0	0.0	0.0	0.0	0.0	0.0	0.0	1.0	0.0	1.0	0.0	0.0	0.0	0.0	0.0	1.0	1.0	1.0	0.0	0.0	0.0	0.0	0.0	0.0	0.0	0.0	0.0	0.0	0.0	0.0	1.0	1.0	1.0	0.0	0.0	0.0	0.0	0.0	0.0
TCGA-DX-A6BF	2.0	2.0	2.0	2.0	2.0	1.0	0.0	2.0	2.0	2.0	2.0	3.0	2.0	2.0	2.0	2.0	2.0	2.0	0.0	0.0	0.0	4.0	4.0	4.0	3.0	2.0	0.0	2.0	1.0	2.0	2.0	2.0	2.0	2.0	1.0	2.0	2.0	2.0	2.0	2.0	2.0	0.0	3.0	1.0	1.0	1.0	4.0	1.0	4.0	9.0	1.0	1.0	1.0	0.0	0.0	0.0
TCGA-X9-A973	0.0	0.0	0.0	0.0	0.0	0.0	0.0	0.0	0.0	0.0	0.0	1.0	0.0	1.0	0.0	0.0	0.0	0.0	0.0	0.0	0.0	0.0	0.0	0.0	0.0	0.0	0.0	2.0	0.0	0.0	0.0	0.0	0.0	0.0	0.0	1.0	1.0	1.0	0.0	0.0	0.0	0.0	0.0	0.0	0.0	0.0	0.0	0.0	0.0	0.0	0.0	0.0	1.0	0.0	0.0	0.0
TCGA-N1-A6IA	2.0	2.0	3.0	3.0	3.0	0.0	0.0	1.0	1.0	1.0	1.0	1.0	1.0	4.0	5.0	2.0	2.0	2.0	2.0	2.0	2.0	2.0	2.0	2.0	1.0	1.0	1.0	1.0	1.0	1.0	1.0	1.0	1.0	1.0	1.0	0.0	0.0	0.0	0.0	0.0	0.0	1.0	1.0	0.0	0.0	0.0	0.0	0.0	0.0	2.0	1.0	2.0	2.0	2.0	0.0	0.0
TCGA-FX-A3NJ	0.0	0.0	0.0	0.0	0.0	0.0	0.0	0.0	0.0	0.0	0.0	0.0	0.0	0.0	0.0	0.0	0.0	0.0	0.0	0.0	0.0	0.0	0.0	0.0	0.0	0.0	0.0	0.0	0.0	0.0	0.0	0.0	0.0	0.0	0.0	0.0	0.0	0.0	0.0	0.0	1.0	0.0	0.0	0.0	0.0	0.0	1.0	1.0	1.0	1.0	0.0	0.0	0.0	0.0	0.0	0.0
TCGA-DX-A8BR	0.0	0.0	0.0	0.0	0.0	1.0	0.0	0.0	0.0	1.0	0.0	1.0	2.0	0.0	0.0	0.0	0.0	0.0	0.0	0.0	0.0	0.0	0.0	0.0	0.0	0.0	1.0	1.0	0.0	1.0	1.0	0.0	0.0	0.0	0.0	0.0	0.0	0.0	0.0	0.0	1.0	0.0	0.0	0.0	0.0	0.0	0.0	0.0	0.0	0.0	0.0	0.0	0.0	0.0	1.0	1.0
TCGA-IS-A3K7	1.0	1.0	1.0	0.0	1.0	0.0	1.0	0.0	0.0	0.0	1.0	0.0	0.0	1.0	1.0	0.0	0.0	0.0	0.0	0.0	0.0	1.0	1.0	1.0	0.0	0.0	0.0	2.0	0.0	1.0	0.0	1.0	1.0	1.0	1.0	1.0	1.0	1.0	1.0	1.0	0.0	0.0	0.0	0.0	0.0	0.0	0.0	0.0	0.0	0.0	1.0	0.0	1.0	1.0	1.0	1.0
TCGA-X2-A95T	0.0	0.0	0.0	0.0	0.0	0.0	0.0	0.0	0.0	0.0	0.0	1.0	0.0	2.0	3.0	0.0	0.0	0.0	0.0	0.0	0.0	1.0	1.0	1.0	0.0	0.0	0.0	1.0	1.0	1.0	1.0	2.0	1.0	1.0	0.0	1.0	1.0	1.0	1.0	1.0	0.0	0.0	0.0	1.0	1.0	1.0	0.0	0.0	0.0	0.0	0.0	1.0	0.0	1.0	1.0	1.0
TCGA-DX-A7ET	6.0	6.0	6.0	6.0	6.0	4.0	0.0	4.0	4.0	4.0	4.0	3.0	3.0	4.0	4.0	2.0	1.0	1.0	2.0	4.0	4.0	0.0	4.0	2.0	4.0	0.0	0.0	2.0	5.0	7.0	7.0	4.0	4.0	4.0	1.0	3.0	3.0	3.0	3.0	4.0	1.0	2.0	2.0	2.0	2.0	2.0	2.0	2.0	2.0	2.0	2.0	6.0	4.0	3.0	0.0	0.0
TCGA-IW-A3M6	0.0	0.0	2.0	0.0	0.0	5.0	0.0	2.0	2.0	0.0	2.0	3.0	1.0	2.0	2.0	2.0	2.0	2.0	0.0	0.0	0.0	2.0	2.0	2.0	3.0	1.0	0.0	2.0	2.0	2.0	2.0	2.0	0.0	0.0	2.0	0.0	0.0	0.0	0.0	2.0	0.0	2.0	2.0	2.0	2.0	2.0	2.0	2.0	2.0	3.0	2.0	2.0	0.0	0.0	0.0	0.0
TCGA-MB-A5YA	2.0	2.0	2.0	2.0	2.0	2.0	2.0	2.0	2.0	1.0	2.0	2.0	2.0	2.0	2.0	2.0	2.0	2.0	2.0	2.0	2.0	2.0	2.0	2.0	2.0	2.0	2.0	2.0	2.0	2.0	2.0	2.0	2.0	2.0	2.0	1.0	1.0	1.0	2.0	2.0	2.0	2.0	2.0	2.0	2.0	2.0	2.0	2.0	2.0	2.0	2.0	2.0	0.0	2.0	2.0	2.0
TCGA-DX-A48O	1.0	0.0	0.0	0.0	0.0	1.0	0.0	0.0	0.0	0.0	0.0	0.0	0.0	0.0	0.0	0.0	0.0	0.0	1.0	1.0	1.0	0.0	0.0	0.0	0.0	0.0	0.0	0.0	1.0	1.0	1.0	1.0	1.0	1.0	1.0	0.0	0.0	0.0	0.0	1.0	0.0	0.0	0.0	0.0	0.0	0.0	0.0	0.0	0.0	0.0	0.0	0.0	0.0	0.0	0.0	0.0
TCGA-DX-A8BL	2.0	4.0	4.0	0.0	0.0	1.0	0.0	1.0	1.0	1.0	1.0	0.0	0.0	3.0	3.0	2.0	2.0	2.0	2.0	2.0	2.0	9.0	2.0	2.0	2.0	1.0	1.0	1.0	2.0	3.0	3.0	0.0	1.0	1.0	1.0	2.0	2.0	2.0	2.0	4.0	0.0	1.0	1.0	1.0	1.0	1.0	1.0	1.0	1.0	1.0	1.0	2.0	1.0	0.0	0.0	0.0
TCGA-MJ-A68J	0.0	0.0	0.0	0.0	1.0	0.0	0.0	0.0	0.0	0.0	0.0	0.0	0.0	0.0	0.0	0.0	0.0	0.0	0.0	0.0	0.0	1.0	1.0	1.0	0.0	0.0	0.0	0.0	0.0	0.0	0.0	0.0	0.0	0.0	0.0	0.0	0.0	0.0	0.0	0.0	0.0	0.0	0.0	0.0	0.0	0.0	0.0	0.0	0.0	0.0	0.0	0.0	0.0	0.0	0.0	0.0
TCGA-HB-A3L4	0.0	0.0	0.0	0.0	0.0	1.0	1.0	0.0	0.0	0.0	0.0	1.0	0.0	0.0	0.0	0.0	1.0	1.0	1.0	0.0	0.0	0.0	0.0	1.0	4.0	0.0	0.0	0.0	0.0	0.0	0.0	0.0	1.0	1.0	0.0	0.0	0.0	0.0	0.0	0.0	0.0	0.0	0.0	0.0	0.0	0.0	0.0	0.0	0.0	0.0	0.0	0.0	0.0	1.0	1.0	1.0
TCGA-DX-A6BH	0.0	0.0	0.0	0.0	0.0	0.0	0.0	0.0	0.0	0.0	0.0	0.0	0.0	0.0	0.0	0.0	0.0	0.0	0.0	0.0	0.0	0.0	0.0	0.0	0.0	0.0	0.0	0.0	0.0	0.0	0.0	0.0	0.0	0.0	0.0	0.0	0.0	0.0	0.0	5.0	0.0	0.0	0.0	0.0	0.0	0.0	0.0	0.0	0.0	0.0	0.0	0.0	0.0	0.0	0.0	0.0
TCGA-DX-A3U7	2.0	2.0	2.0	2.0	1.0	0.0	1.0	2.0	2.0	2.0	2.0	0.0	1.0	3.0	2.0	2.0	1.0	1.0	1.0	1.0	1.0	2.0	2.0	2.0	2.0	1.0	0.0	0.0	3.0	3.0	3.0	2.0	1.0	1.0	2.0	0.0	0.0	0.0	0.0	0.0	1.0	1.0	1.0	1.0	1.0	1.0	1.0	1.0	1.0	1.0	2.0	0.0	4.0	3.0	1.0	1.0
TCGA-DX-A3LS	0.0	0.0	0.0	0.0	0.0	1.0	0.0	1.0	1.0	1.0	0.0	0.0	1.0	5.0	0.0	0.0	0.0	0.0	0.0	0.0	0.0	0.0	0.0	0.0	0.0	0.0	0.0	2.0	0.0	0.0	0.0	0.0	0.0	0.0	1.0	0.0	0.0	0.0	0.0	0.0	0.0	0.0	0.0	0.0	0.0	0.0	0.0	0.0	0.0	0.0	0.0	2.0	0.0	0.0	1.0	1.0
TCGA-DX-AB3B	0.0	0.0	0.0	0.0	0.0	0.0	0.0	0.0	0.0	1.0	0.0	0.0	0.0	0.0	0.0	0.0	0.0	0.0	0.0	0.0	0.0	0.0	0.0	0.0	0.0	1.0	1.0	0.0	0.0	0.0	0.0	0.0	0.0	0.0	0.0	0.0	0.0	0.0	0.0	0.0	0.0	0.0	0.0	0.0	0.0	0.0	0.0	0.0	0.0	0.0	0.0	0.0	0.0	0.0	0.0	0.0
TCGA-QQ-A8VG	0.0	0.0	0.0	0.0	0.0	0.0	0.0	0.0	0.0	0.0	0.0	0.0	0.0	1.0	1.0	0.0	0.0	0.0	0.0	0.0	0.0	0.0	0.0	0.0	0.0	0.0	0.0	0.0	0.0	0.0	0.0	0.0	0.0	0.0	0.0	0.0	0.0	0.0	0.0	0.0	0.0	0.0	0.0	0.0	0.0	0.0	0.0	0.0	0.0	0.0	0.0	0.0	1.0	1.0	1.0	1.0
TCGA-3B-A9HQ	0.0	0.0	0.0	0.0	0.0	0.0	0.0	0.0	0.0	0.0	0.0	0.0	0.0	1.0	1.0	1.0	1.0	1.0	1.0	0.0	0.0	0.0	0.0	0.0	0.0	0.0	0.0	0.0	0.0	0.0	0.0	0.0	0.0	0.0	0.0	0.0	0.0	0.0	0.0	0.0	0.0	0.0	0.0	0.0	0.0	0.0	1.0	1.0	1.0	0.0	0.0	0.0	0.0	0.0	0.0	0.0
TCGA-DX-AB2V	1.0	0.0	0.0	1.0	1.0	4.0	1.0	0.0	0.0	0.0	0.0	1.0	1.0	3.0	6.0	4.0	3.0	3.0	1.0	1.0	1.0	0.0	0.0	0.0	2.0	1.0	0.0	3.0	5.0	5.0	5.0	6.0	6.0	4.0	1.0	0.0	0.0	0.0	0.0	0.0	1.0	1.0	1.0	1.0	1.0	1.0	1.0	1.0	1.0	2.0	1.0	2.0	1.0	2.0	3.0	3.0
TCGA-DX-A3UA	0.0	0.0	1.0	1.0	3.0	2.0	2.0	1.0	2.0	2.0	0.0	0.0	0.0	1.0	1.0	1.0	1.0	1.0	1.0	1.0	1.0	5.0	5.0	5.0	4.0	2.0	2.0	2.0	2.0	2.0	2.0	2.0	2.0	2.0	1.0	1.0	1.0	1.0	1.0	1.0	1.0	1.0	2.0	2.0	2.0	2.0	2.0	2.0	2.0	2.0	1.0	2.0	2.0	2.0	2.0	2.0
TCGA-HB-A2OT	1.0	1.0	1.0	1.0	1.0	1.0	1.0	0.0	0.0	0.0	0.0	1.0	0.0	2.0	3.0	1.0	1.0	1.0	0.0	0.0	0.0	0.0	0.0	0.0	0.0	1.0	0.0	0.0	0.0	0.0	0.0	0.0	0.0	0.0	0.0	1.0	1.0	1.0	1.0	5.0	1.0	1.0	1.0	1.0	1.0	1.0	0.0	0.0	0.0	0.0	0.0	1.0	1.0	1.0	1.0	1.0
TCGA-MB-A5Y8	1.0	1.0	1.0	1.0	0.0	0.0	0.0	0.0	0.0	0.0	1.0	0.0	0.0	0.0	0.0	0.0	0.0	0.0	1.0	0.0	0.0	1.0	1.0	1.0	0.0	0.0	1.0	0.0	1.0	1.0	1.0	1.0	1.0	1.0	0.0	0.0	0.0	0.0	0.0	0.0	1.0	1.0	1.0	1.0	1.0	1.0	0.0	0.0	0.0	0.0	1.0	0.0	0.0	1.0	1.0	1.0
TCGA-DX-A2J0	0.0	0.0	0.0	0.0	0.0	2.0	0.0	0.0	0.0	0.0	0.0	0.0	0.0	1.0	0.0	0.0	0.0	0.0	0.0	0.0	0.0	0.0	0.0	0.0	0.0	1.0	1.0	0.0	0.0	0.0	0.0	0.0	0.0	0.0	0.0	0.0	0.0	0.0	0.0	0.0	1.0	0.0	0.0	0.0	0.0	0.0	0.0	1.0	1.0	1.0	1.0	0.0	1.0	0.0	0.0	0.0
TCGA-3B-A9HU	1.0	0.0	0.0	0.0	0.0	0.0	0.0	0.0	0.0	0.0	0.0	0.0	0.0	0.0	0.0	0.0	0.0	0.0	0.0	0.0	0.0	0.0	0.0	0.0	0.0	0.0	0.0	0.0	0.0	0.0	0.0	0.0	0.0	0.0	0.0	0.0	0.0	0.0	0.0	0.0	1.0	0.0	0.0	0.0	0.0	0.0	0.0	0.0	0.0	0.0	0.0	0.0	0.0	0.0	0.0	0.0
TCGA-LI-A67I	2.0	3.0	3.0	0.0	0.0	0.0	0.0	0.0	0.0	0.0	0.0	0.0	0.0	5.0	1.0	1.0	1.0	1.0	1.0	1.0	1.0	0.0	0.0	0.0	2.0	1.0	1.0	0.0	0.0	0.0	0.0	0.0	0.0	0.0	1.0	1.0	1.0	1.0	1.0	1.0	0.0	1.0	1.0	1.0	1.0	1.0	1.0	1.0	1.0	1.0	1.0	1.0	2.0	1.0	1.0	1.0
TCGA-X6-A8C2	5.0	4.0	2.0	1.0	0.0	0.0	0.0	2.0	1.0	1.0	1.0	2.0	1.0	2.0	3.0	1.0	1.0	1.0	1.0	2.0	2.0	0.0	0.0	0.0	1.0	0.0	1.0	1.0	0.0	0.0	0.0	0.0	0.0	0.0	0.0	0.0	0.0	0.0	0.0	2.0	0.0	1.0	1.0	1.0	1.0	1.0	2.0	1.0	1.0	3.0	1.0	2.0	0.0	0.0	0.0	0.0
TCGA-X6-A8C7	0.0	0.0	0.0	0.0	0.0	0.0	0.0	1.0	1.0	1.0	0.0	0.0	0.0	0.0	0.0	0.0	0.0	0.0	0.0	0.0	0.0	0.0	0.0	0.0	0.0	0.0	0.0	0.0	0.0	0.0	0.0	0.0	0.0	0.0	0.0	0.0	0.0	0.0	0.0	0.0	1.0	0.0	0.0	0.0	0.0	0.0	0.0	0.0	0.0	0.0	0.0	0.0	0.0	0.0	0.0	0.0
TCGA-JV-A75J	0.0	0.0	0.0	0.0	0.0	0.0	0.0	0.0	0.0	0.0	0.0	0.0	0.0	0.0	0.0	0.0	0.0	0.0	0.0	0.0	0.0	0.0	0.0	0.0	0.0	0.0	0.0	0.0	1.0	0.0	0.0	0.0	0.0	0.0	1.0	2.0	1.0	1.0	1.0	1.0	0.0	1.0	1.0	1.0	1.0	1.0	0.0	0.0	0.0	3.0	0.0	0.0	2.0	1.0	1.0	1.0
TCGA-X6-A7WB	0.0	0.0	0.0	0.0	0.0	1.0	0.0	0.0	0.0	0.0	0.0	0.0	0.0	0.0	0.0	0.0	0.0	0.0	0.0	0.0	1.0	0.0	0.0	0.0	0.0	0.0	0.0	0.0	1.0	1.0	1.0	1.0	1.0	1.0	1.0	0.0	0.0	0.0	0.0	0.0	1.0	0.0	0.0	0.0	0.0	0.0	0.0	0.0	0.0	0.0	0.0	0.0	0.0	1.0	1.0	1.0
TCGA-DX-A3M1	2.0	2.0	2.0	2.0	2.0	2.0	0.0	1.0	1.0	4.0	1.0	3.0	2.0	1.0	2.0	1.0	1.0	1.0	1.0	0.0	0.0	2.0	0.0	6.0	3.0	2.0	1.0	2.0	1.0	1.0	1.0	2.0	2.0	2.0	2.0	2.0	2.0	2.0	2.0	2.0	2.0	2.0	1.0	5.0	1.0	1.0	3.0	3.0	5.0	0.0	3.0	1.0	1.0	2.0	0.0	0.0
TCGA-K1-A6RV	1.0	1.0	1.0	2.0	2.0	0.0	0.0	2.0	2.0	2.0	1.0	2.0	2.0	1.0	3.0	0.0	0.0	0.0	1.0	1.0	1.0	0.0	0.0	0.0	2.0	1.0	0.0	2.0	2.0	2.0	2.0	2.0	2.0	2.0	1.0	0.0	0.0	0.0	0.0	0.0	0.0	0.0	0.0	0.0	0.0	0.0	0.0	0.0	0.0	1.0	1.0	1.0	1.0	0.0	0.0	0.0
TCGA-DX-A3UD	2.0	2.0	2.0	2.0	2.0	6.0	0.0	2.0	2.0	2.0	2.0	1.0	1.0	3.0	3.0	4.0	4.0	4.0	2.0	2.0	2.0	2.0	2.0	2.0	0.0	1.0	1.0	0.0	2.0	2.0	2.0	2.0	2.0	2.0	2.0	2.0	2.0	2.0	2.0	2.0	1.0	1.0	1.0	1.0	1.0	1.0	1.0	1.0	1.0	1.0	2.0	2.0	2.0	2.0	2.0	2.0
TCGA-WP-A9GB	1.0	1.0	1.0	0.0	0.0	2.0	0.0	4.0	5.0	2.0	1.0	2.0	1.0	3.0	3.0	0.0	1.0	1.0	2.0	2.0	2.0	2.0	2.0	1.0	0.0	0.0	0.0	1.0	3.0	1.0	1.0	0.0	0.0	0.0	1.0	1.0	1.0	1.0	2.0	2.0	0.0	1.0	1.0	0.0	0.0	0.0	2.0	3.0	3.0	1.0	4.0	1.0	2.0	1.0	1.0	1.0
TCGA-DX-A6BA	0.0	2.0	2.0	0.0	0.0	1.0	2.0	2.0	2.0	2.0	2.0	2.0	1.0	2.0	2.0	2.0	2.0	2.0	2.0	2.0	2.0	2.0	2.0	2.0	3.0	3.0	0.0	2.0	2.0	2.0	2.0	2.0	2.0	2.0	2.0	2.0	2.0	2.0	2.0	2.0	0.0	2.0	1.0	1.0	1.0	1.0	1.0	1.0	1.0	1.0	0.0	2.0	2.0	0.0	0.0	0.0
TCGA-X6-A8C6	1.0	0.0	9.0	3.0	0.0	1.0	0.0	1.0	1.0	1.0	0.0	0.0	0.0	0.0	0.0	1.0	1.0	1.0	1.0	1.0	1.0	0.0	0.0	0.0	9.0	0.0	1.0	1.0	0.0	0.0	0.0	8.0	2.0	8.0	1.0	1.0	1.0	1.0	1.0	0.0	1.0	1.0	1.0	1.0	1.0	1.0	1.0	1.0	1.0	0.0	1.0	2.0	1.0	1.0	1.0	1.0
TCGA-SI-AA8C	0.0	0.0	0.0	0.0	0.0	2.0	2.0	2.0	2.0	2.0	0.0	2.0	1.0	2.0	2.0	2.0	2.0	2.0	2.0	2.0	2.0	2.0	2.0	2.0	2.0	1.0	1.0	2.0	0.0	2.0	2.0	2.0	2.0	2.0	2.0	0.0	0.0	0.0	0.0	0.0	2.0	1.0	2.0	2.0	2.0	2.0	2.0	1.0	3.0	3.0	1.0	2.0	2.0	0.0	0.0	0.0
TCGA-DX-A1KU	2.0	2.0	2.0	2.0	1.0	1.0	2.0	1.0	1.0	1.0	1.0	1.0	1.0	1.0	5.0	2.0	2.0	2.0	1.0	1.0	1.0	2.0	2.0	2.0	0.0	1.0	0.0	4.0	0.0	0.0	0.0	0.0	0.0	0.0	0.0	1.0	1.0	1.0	2.0	2.0	0.0	2.0	2.0	2.0	2.0	2.0	2.0	2.0	2.0	1.0	2.0	3.0	0.0	4.0	4.0	4.0
TCGA-IE-A4EH	1.0	0.0	0.0	0.0	0.0	0.0	1.0	0.0	0.0	0.0	0.0	1.0	1.0	0.0	0.0	1.0	1.0	1.0	0.0	0.0	0.0	0.0	0.0	0.0	0.0	0.0	1.0	0.0	0.0	0.0	0.0	0.0	1.0	1.0	0.0	2.0	2.0	2.0	1.0	1.0	1.0	0.0	0.0	0.0	0.0	0.0	0.0	0.0	0.0	1.0	0.0	0.0	0.0	1.0	1.0	1.0
TCGA-WK-A8XS	1.0	1.0	2.0	2.0	2.0	2.0	0.0	2.0	2.0	2.0	2.0	1.0	1.0	2.0	2.0	2.0	2.0	2.0	0.0	0.0	0.0	1.0	1.0	1.0	2.0	0.0	0.0	0.0	2.0	2.0	2.0	3.0	2.0	2.0	2.0	3.0	3.0	3.0	3.0	3.0	0.0	2.0	2.0	2.0	2.0	2.0	3.0	2.0	2.0	1.0	3.0	2.0	1.0	1.0	1.0	1.0
TCGA-DX-A6B8	2.0	2.0	2.0	2.0	0.0	0.0	0.0	0.0	0.0	0.0	0.0	0.0	2.0	1.0	1.0	1.0	1.0	1.0	1.0	1.0	1.0	1.0	1.0	2.0	2.0	1.0	1.0	0.0	1.0	2.0	2.0	0.0	0.0	0.0	0.0	0.0	0.0	0.0	0.0	0.0	0.0	0.0	0.0	0.0	0.0	0.0	0.0	0.0	0.0	0.0	1.0	1.0	2.0	0.0	0.0	0.0
TCGA-KD-A5QU	0.0	3.0	3.0	3.0	3.0	2.0	1.0	2.0	2.0	2.0	2.0	2.0	0.0	2.0	2.0	1.0	0.0	0.0	1.0	1.0	1.0	3.0	2.0	2.0	1.0	0.0	0.0	0.0	0.0	0.0	0.0	0.0	0.0	0.0	1.0	3.0	3.0	3.0	3.0	0.0	0.0	1.0	1.0	1.0	1.0	1.0	1.0	1.0	1.0	0.0	0.0	1.0	1.0	3.0	4.0	0.0
TCGA-DX-A8BH	1.0	1.0	1.0	1.0	1.0	0.0	0.0	1.0	1.0	1.0	0.0	2.0	1.0	1.0	0.0	0.0	1.0	1.0	1.0	1.0	1.0	3.0	3.0	4.0	2.0	2.0	2.0	1.0	1.0	1.0	1.0	2.0	2.0	2.0	0.0	1.0	1.0	1.0	1.0	2.0	1.0	1.0	1.0	1.0	1.0	1.0	0.0	2.0	2.0	1.0	0.0	2.0	1.0	1.0	0.0	0.0
TCGA-DX-A6YU	2.0	2.0	2.0	2.0	2.0	2.0	1.0	1.0	0.0	0.0	1.0	2.0	0.0	1.0	4.0	2.0	4.0	4.0	2.0	0.0	0.0	2.0	2.0	2.0	5.0	0.0	0.0	0.0	1.0	1.0	1.0	0.0	0.0	0.0	1.0	1.0	1.0	1.0	3.0	4.0	2.0	0.0	0.0	0.0	0.0	2.0	2.0	2.0	2.0	2.0	2.0	2.0	3.0	0.0	1.0	1.0
TCGA-HS-A5N7	0.0	0.0	0.0	0.0	0.0	1.0	0.0	0.0	0.0	0.0	0.0	0.0	0.0	0.0	0.0	0.0	0.0	0.0	0.0	0.0	0.0	0.0	0.0	0.0	0.0	0.0	0.0	1.0	0.0	0.0	0.0	0.0	0.0	0.0	0.0	0.0	0.0	0.0	0.0	0.0	1.0	0.0	0.0	0.0	0.0	0.0	0.0	0.0	0.0	0.0	0.0	0.0	0.0	0.0	0.0	0.0
TCGA-DX-A3LY	2.0	1.0	2.0	2.0	2.0	2.0	1.0	1.0	1.0	1.0	1.0	2.0	3.0	6.0	3.0	2.0	5.0	3.0	1.0	1.0	1.0	2.0	2.0	2.0	2.0	1.0	0.0	18.0	2.0	2.0	1.0	1.0	1.0	1.0	2.0	2.0	2.0	2.0	2.0	2.0	1.0	2.0	2.0	2.0	2.0	2.0	2.0	2.0	2.0	2.0	2.0	2.0	1.0	2.0	2.0	2.0
TCGA-SG-A6Z4	2.0	2.0	2.0	2.0	0.0	0.0	0.0	1.0	1.0	1.0	1.0	2.0	0.0	1.0	1.0	0.0	0.0	0.0	2.0	2.0	2.0	2.0	2.0	2.0	2.0	0.0	0.0	0.0	2.0	1.0	1.0	1.0	1.0	1.0	2.0	1.0	1.0	1.0	1.0	1.0	0.0	0.0	0.0	0.0	0.0	2.0	2.0	2.0	2.0	1.0	0.0	0.0	0.0	1.0	1.0	1.0
TCGA-IS-A3K8	1.0	1.0	1.0	1.0	1.0	0.0	0.0	0.0	1.0	0.0	0.0	0.0	0.0	0.0	0.0	0.0	0.0	0.0	0.0	0.0	0.0	0.0	0.0	0.0	0.0	0.0	0.0	0.0	1.0	1.0	1.0	1.0	1.0	1.0	0.0	0.0	0.0	0.0	0.0	0.0	0.0	0.0	0.0	0.0	0.0	0.0	0.0	0.0	0.0	0.0	0.0	0.0	0.0	1.0	1.0	1.0
TCGA-3B-A9HX	1.0	1.0	1.0	1.0	1.0	2.0	1.0	2.0	2.0	2.0	1.0	2.0	2.0	1.0	1.0	1.0	1.0	1.0	0.0	0.0	0.0	2.0	2.0	2.0	3.0	0.0	0.0	1.0	0.0	0.0	0.0	0.0	0.0	0.0	2.0	2.0	2.0	2.0	2.0	2.0	2.0	0.0	0.0	0.0	0.0	0.0	2.0	1.0	1.0	2.0	0.0	0.0	2.0	0.0	0.0	0.0
TCGA-WK-A8Y0	2.0	2.0	2.0	2.0	2.0	0.0	0.0	2.0	2.0	2.0	2.0	2.0	2.0	0.0	0.0	0.0	0.0	0.0	4.0	4.0	4.0	2.0	2.0	2.0	1.0	0.0	0.0	1.0	2.0	2.0	2.0	2.0	2.0	2.0	0.0	0.0	0.0	0.0	0.0	0.0	2.0	2.0	4.0	2.0	2.0	2.0	2.0	2.0	2.0	2.0	0.0	1.0	2.0	2.0	2.0	2.0
TCGA-DX-A23Z	0.0	0.0	0.0	0.0	0.0	0.0	3.0	0.0	0.0	0.0	0.0	5.0	0.0	0.0	0.0	0.0	0.0	0.0	4.0	0.0	0.0	0.0	0.0	0.0	0.0	0.0	8.0	0.0	0.0	0.0	0.0	0.0	0.0	0.0	0.0	0.0	0.0	0.0	0.0	0.0	0.0	0.0	0.0	0.0	0.0	0.0	0.0	0.0	0.0	0.0	0.0	0.0	0.0	0.0	0.0	0.0
TCGA-DX-A6Z2	1.0	0.0	0.0	0.0	0.0	0.0	0.0	0.0	0.0	0.0	0.0	0.0	1.0	0.0	0.0	0.0	0.0	0.0	1.0	1.0	1.0	1.0	1.0	1.0	0.0	0.0	0.0	1.0	0.0	0.0	0.0	1.0	1.0	1.0	0.0	0.0	0.0	0.0	0.0	0.0	0.0	0.0	0.0	0.0	0.0	0.0	0.0	0.0	0.0	0.0	0.0	0.0	0.0	0.0	0.0	0.0
TCGA-KD-A5QT	0.0	0.0	0.0	0.0	0.0	0.0	0.0	1.0	1.0	1.0	0.0	0.0	0.0	0.0	0.0	0.0	0.0	0.0	1.0	1.0	1.0	0.0	0.0	0.0	0.0	0.0	0.0	0.0	0.0	0.0	0.0	0.0	0.0	0.0	0.0	0.0	0.0	0.0	0.0	0.0	0.0	0.0	0.0	0.0	0.0	0.0	0.0	0.0	0.0	1.0	0.0	0.0	1.0	1.0	1.0	1.0
TCGA-DX-A1L2	1.0	0.0	1.0	1.0	1.0	0.0	0.0	5.0	6.0	2.0	1.0	0.0	1.0	8.0	4.0	1.0	1.0	1.0	1.0	2.0	2.0	2.0	2.0	2.0	2.0	2.0	1.0	1.0	2.0	2.0	2.0	1.0	0.0	0.0	1.0	0.0	0.0	0.0	0.0	0.0	0.0	1.0	1.0	1.0	1.0	1.0	1.0	2.0	9.0	1.0	1.0	2.0	0.0	0.0	1.0	1.0
TCGA-MB-A5Y9	0.0	0.0	0.0	0.0	0.0	0.0	0.0	0.0	0.0	0.0	0.0	0.0	0.0	0.0	1.0	0.0	0.0	0.0	1.0	1.0	1.0	0.0	0.0	0.0	1.0	0.0	0.0	3.0	1.0	1.0	1.0	0.0	0.0	0.0	1.0	1.0	1.0	1.0	1.0	0.0	1.0	0.0	0.0	0.0	0.0	0.0	0.0	0.0	0.0	0.0	0.0	1.0	0.0	1.0	0.0	0.0
TCGA-DX-A3UE	0.0	0.0	0.0	0.0	0.0	0.0	0.0	0.0	0.0	0.0	0.0	1.0	0.0	0.0	0.0	0.0	0.0	0.0	0.0	0.0	0.0	0.0	0.0	0.0	0.0	0.0	0.0	0.0	0.0	0.0	0.0	0.0	1.0	1.0	0.0	0.0	0.0	0.0	0.0	0.0	0.0	0.0	1.0	0.0	0.0	0.0	0.0	0.0	0.0	1.0	1.0	0.0	0.0	0.0	0.0	0.0
TCGA-DX-A7EQ	0.0	0.0	0.0	0.0	0.0	0.0	0.0	0.0	0.0	0.0	0.0	0.0	0.0	0.0	0.0	0.0	0.0	0.0	0.0	0.0	0.0	0.0	0.0	0.0	0.0	0.0	0.0	0.0	0.0	0.0	0.0	0.0	0.0	0.0	0.0	1.0	1.0	1.0	0.0	0.0	0.0	0.0	0.0	0.0	0.0	0.0	0.0	0.0	0.0	0.0	0.0	0.0	0.0	0.0	0.0	0.0
TCGA-DX-A6Z0	2.0	1.0	1.0	1.0	1.0	0.0	1.0	0.0	1.0	1.0	1.0	1.0	1.0	1.0	5.0	1.0	1.0	1.0	0.0	0.0	0.0	1.0	1.0	1.0	2.0	2.0	2.0	1.0	2.0	2.0	2.0	2.0	0.0	0.0	2.0	1.0	1.0	1.0	1.0	1.0	1.0	1.0	1.0	1.0	1.0	1.0	1.0	1.0	1.0	1.0	0.0	2.0	1.0	2.0	2.0	2.0
TCGA-DX-A48U	1.0	0.0	0.0	0.0	0.0	0.0	0.0	1.0	1.0	1.0	0.0	0.0	0.0	0.0	0.0	0.0	0.0	0.0	0.0	1.0	1.0	0.0	0.0	0.0	0.0	1.0	1.0	0.0	1.0	1.0	1.0	1.0	1.0	1.0	0.0	0.0	0.0	0.0	0.0	0.0	0.0	0.0	0.0	0.0	0.0	0.0	0.0	0.0	0.0	0.0	0.0	0.0	0.0	0.0	0.0	0.0
TCGA-DX-AB2E	2.0	2.0	2.0	2.0	2.0	1.0	1.0	3.0	3.0	2.0	2.0	0.0	0.0	1.0	2.0	0.0	0.0	0.0	1.0	1.0	1.0	2.0	2.0	2.0	0.0	3.0	1.0	1.0	1.0	1.0	1.0	1.0	1.0	1.0	0.0	1.0	1.0	1.0	1.0	1.0	1.0	0.0	0.0	0.0	0.0	0.0	1.0	1.0	1.0	1.0	0.0	3.0	1.0	1.0	1.0	1.0
TCGA-IS-A3KA	2.0	0.0	1.0	0.0	0.0	3.0	2.0	1.0	1.0	1.0	1.0	4.0	0.0	1.0	1.0	2.0	2.0	2.0	2.0	26.0	2.0	2.0	2.0	2.0	1.0	0.0	0.0	1.0	3.0	2.0	2.0	2.0	2.0	2.0	3.0	3.0	3.0	3.0	3.0	3.0	1.0	1.0	1.0	1.0	1.0	1.0	1.0	1.0	1.0	0.0	2.0	3.0	2.0	0.0	0.0	0.0
TCGA-QQ-A8VH	0.0	0.0	0.0	0.0	0.0	0.0	0.0	0.0	0.0	0.0	0.0	0.0	1.0	1.0	1.0	0.0	0.0	0.0	0.0	0.0	0.0	0.0	0.0	1.0	1.0	0.0	0.0	1.0	1.0	1.0	1.0	1.0	1.0	0.0	1.0	1.0	1.0	1.0	1.0	1.0	0.0	0.0	1.0	0.0	0.0	0.0	0.0	0.0	0.0	1.0	1.0	2.0	2.0	1.0	1.0	1.0
TCGA-IE-A4EK	1.0	0.0	0.0	0.0	0.0	0.0	0.0	0.0	0.0	0.0	0.0	0.0	0.0	0.0	0.0	0.0	0.0	0.0	0.0	0.0	0.0	0.0	0.0	0.0	0.0	0.0	0.0	0.0	0.0	0.0	0.0	0.0	0.0	0.0	0.0	0.0	0.0	0.0	0.0	0.0	1.0	0.0	0.0	0.0	0.0	0.0	0.0	0.0	0.0	0.0	0.0	0.0	0.0	0.0	1.0	1.0
