Sample ID	chr1	chr2	chr3	chr4	chr5	chr6	chr7	chr8	chr9	chr10	chr11	chr12	chr13	chr14	chr15	chr16	chr17	chr18	chr19	chr20	chr21	chr22
TCGA-LI-A67I-01A	11.7439	16.3353	1.3914	19.0394	5.9791	23.4036	12.0945	4.3518	8.3463	14.0329	15.3742	3.4709	5.6238	2.0689	2.1411	8.1685	6.4082	11.3869	4.8079	4.0311	2.0154	1.2942
TCGA-DX-AB2F-01A	3.6632	106.1421	7.7164	3.0498	4.0444	211.5036	4.6434	17.7324	5.096	4.1747	12.928	982.9552	10.9858	2.8645	7.7821	3.2946	0.0	10.275	8.7451	26.7892	1.1376	13.0483
TCGA-FX-A3NK-01A	3.7243	1.4272	11.6301	6.2137	0.5419	406.282	0.0	36.0185	1.2483	1.6672	12.5483	753.5864	29.2416	0.0	32.5549	0.0	0.0	1.21	83.4697	13.6061	0.0	3.1067
TCGA-3B-A9HO-01A	102.8314	0.0	2.9116	0.0	137.202	0.0	0.0	95.9329	2.7772	1.1721	0.0	1433.4799	0.0	0.0	7.3916	2.0818	0.2619	2.0048	27.6559	12.5189	150.6103	48.2816
TCGA-3B-A9HU-01A	1.4975	2.8333	0.0	3.4675	1.5618	2.172	3.7753	1.4014	0.0	1.0623	2.283	7.8527	13.4098	0.0	0.0	3.8074	4.887	1.6188	3.1102	0.0	3.0663	1.3537
TCGA-QQ-A5VA-01A	3.1322	2.1104	9.8775	22.9823	23.9321	5.0375	99.4959	64.4107	17.683	3.1309	43.8278	6.2495	2.0229	11.8036	28.0309	0.0	3.9271	9.1542	0.0	1.472	0.0	0.7982
TCGA-PC-A5DN-01A	6.048	0.0	4.4475	3.002	0.0	329.5199	3.5224	3.8816	3.5489	0.0	6.9221	1105.4394	0.0	0.0	1.5371	0.0	5.1227	0.0	0.0	1.8317	2.2969	0.0
TCGA-DX-A7EF-01A	29.1304	23.6653	36.1588	30.8006	185.5366	13.9988	326.0794	27.6159	25.9149	1.7814	20.5177	7.8823	23.3513	9.5041	39.4772	14.092	15.0275	23.3045	1.6008	9.1284	4.1632	1.1113
TCGA-MJ-A68H-01A	14.3149	23.7916	12.7317	19.49	12.0334	7.2251	2.3044	4.0443	4.741	16.0582	1.7899	5.8412	2.8582	9.9085	2.5123	17.7379	0.0	5.9985	12.8214	0.0	2.4272	6.029
TCGA-QQ-A5VC-01A	28.1012	21.2345	6.506	18.6683	27.0637	96.9339	19.0361	52.8928	38.1195	9.9048	53.7303	18.3892	28.9358	19.5705	13.0856	8.1967	10.2566	7.8385	5.4034	4.4344	23.155	0.0
TCGA-N1-A6IA-01A	24.908	30.1201	3.7234	11.5714	16.9942	6.4174	0.9696	5.0572	3.78	19.6215	3.3327	2.719	14.1637	1.5175	3.8413	11.5374	15.4561	0.0	6.6289	5.2202	6.5177	0.3272
TCGA-DX-A6YS-01A	51.1709	16.9551	18.245	125.2906	79.2404	109.7389	156.1426	55.5864	14.4563	5.3269	43.8275	30.7312	31.4505	7.3856	22.5419	1.6017	26.2051	16.4983	14.2161	11.9947	8.2261	1.6563
TCGA-MJ-A68J-01A	9.0844	5.9242	1.1278	0.0	5.1989	2.5224	1.2537	3.4395	0.0	3.788	1.6023	2.9872	0.0	1.4991	0.0	0.0	0.0	2.0187	0.0	0.0	1.0628	0.0
TCGA-DX-A3U7-01A	12.1603	105.1236	6.5841	13.7186	3.7391	3.8453	5.053	8.7548	6.9283	20.1034	19.7243	6.1194	4.2484	17.7572	6.6351	4.821	2.5763	64.977	28.2993	7.261	25.8578	7.0116
TCGA-DX-A7ES-01A	4.9719	5.6168	0.0	8.9554	1.3423	59.0393	2.299	1.7246	46.313	2.0375	0.0	396.9723	0.0	0.0	1.193	0.0	1.4354	2.3108	26.5445	2.8733	0.0	14.9806
TCGA-DX-A48O-01A	22.3682	9.2024	6.0394	4.7629	2.9241	5.9117	6.2111	7.6746	3.778	4.163	3.2093	3.9399	9.8574	0.7779	1.1022	4.9563	11.8148	4.2979	9.6234	3.0028	1.2799	2.7132
TCGA-Z4-AAPF-01A	4.093	14.0486	1.8021	11.6422	3.0152	2.6777	3.4975	1.9238	6.7189	4.3689	0.3753	12.9463	2.3985	0.2566	0.0	0.0	0.0	3.3675	0.0	0.0	0.0	1.4982
TCGA-3B-A9HZ-01A	2.932	3.4584	1.1262	4.8429	0.842	9.8829	1.1406	0.0	1.5648	6.6138	2.1033	1.6578	4.7832	1.2531	10.4863	0.5758	2.9934	1.1896	1.8042	1.1234	0.0	1.119
TCGA-K1-A3PO-01A	1.8934	0.7116	2.0855	0.0	1.3345	1.6376	0.0	0.0	1.1896	0.0	1.1405	0.0	0.7806	0.0	1.1461	0.0	0.0	0.0	2.2641	1.6046	0.0	0.0
TCGA-DX-A6B9-01A	6.6974	15.2232	0.0	5.1892	0.0	0.7475	0.0	0.7126	0.0	16.987	4.0337	3.7299	1.8364	0.0	1.1218	4.3925	6.1236	9.7565	20.8788	0.0	0.0	0.0
TCGA-HB-A3YV-01A	83.8257	9.1922	6.693	176.6574	24.3865	726.4486	56.6973	21.6391	24.1105	3.7811	21.7854	458.681	69.567	7.1203	11.4245	3.39	12.5403	24.7185	14.8489	17.6026	2.1993	5.292
TCGA-DX-AB32-01A	5.8663	4.8692	133.2358	17.3564	10.2639	17.2675	6.9939	7.4627	7.3838	3.6953	4.5716	12.8707	3.7119	0.4054	0.0	13.9936	2.1467	19.8748	9.5717	3.0921	1.2522	8.7983
TCGA-K1-A3PN-01A	0.0	2.6229	0.0	0.0	0.9031	5.1648	0.0	2.651	0.3185	0.0	0.3662	5.8884	5.4454	0.9142	0.6052	7.0747	38.5053	0.0	7.2206	0.9041	0.0	1.9464
TCGA-DX-A7EI-01A	222.9275	14.2414	1.3386	30.1236	82.8561	73.2991	15.091	22.2444	14.426	1.7826	17.7214	832.0606	0.0	19.548	31.343	7.7486	7.2127	5.291	69.3838	40.5441	2.7849	1.6164
TCGA-WP-A9GB-01A	33.2623	14.3644	31.4817	35.437	22.8	32.8452	26.3336	27.2877	21.3777	24.8061	23.5379	7.1243	33.6089	6.8367	11.3507	30.9338	14.5975	12.2102	6.8887	2.8005	9.0941	1.811
TCGA-SG-A6Z7-01A	133.8056	28.9425	8.6993	2.6049	9.21	93.4191	54.3407	118.0006	1.3385	10.6423	29.1499	610.3711	17.5142	1.7634	0.0	0.8592	16.8419	0.4728	11.5228	3.7809	35.718	3.8963
TCGA-X6-A7WD-01A	10.997	5.3203	1.7472	10.7231	9.1247	7.4877	1.2171	5.4468	4.6928	44.7023	5.5184	2.5958	0.694	1.7644	0.9361	2.0527	20.1907	7.9286	5.1169	0.0	0.6551	0.0
TCGA-VT-A80G-01A	25.8293	96.7282	57.0985	115.0061	21.8165	29.255	20.9486	18.5888	70.4665	10.2108	24.7838	18.1035	3.0537	11.4595	5.4181	13.9647	16.1015	18.6643	3.8855	20.1368	6.9738	7.9351
TCGA-IE-A3OV-01A	11.8185	32.7472	11.4884	5.7163	7.9882	12.7469	1.933	8.2525	27.3487	3.3656	0.5416	1.73	25.9635	9.101	1.4282	7.5115	56.1757	10.6101	16.8793	2.6525	0.912	2.9181
TCGA-DX-A3LW-01A	59.3514	2.4886	2.3954	301.1891	4.9187	3.7103	1.2927	1.0764	4.2014	1.764	10.2455	479.5901	3.2389	2.4634	1.3163	0.8729	5.3626	2.9812	13.2231	3.692	0.691	2.0045
TCGA-QQ-A8VG-01A	0.0	0.0	0.0	3.3564	4.9394	0.0	0.0	0.0	1.4123	0.0	0.0	0.0	0.0	0.0	0.0	0.0	1.2115	1.726	0.0	0.9522	0.3092	1.0505
TCGA-DX-A23V-01A	169.6767	11.1211	0.4771	2.766	4.2789	0.0	11.0696	0.0	6.5111	6.7342	0.291	442.5603	28.386	0.8496	0.0	0.6408	1.6023	0.0	0.0	0.0	0.0	1.8958
TCGA-DX-A6YQ-01A	34.0497	28.933	24.7186	27.0229	13.1587	31.852	15.5629	4.2343	9.4215	6.1867	21.9626	17.2141	5.8553	2.9459	5.3736	10.85	44.0757	2.8479	22.5475	29.5699	3.2876	7.1511
TCGA-K1-A42X-01A	20.7108	5.7057	6.1687	2.617	1.7568	8.1086	9.2589	4.6859	6.238	2.1821	31.9355	2.502	3.3916	18.839	0.0	1.1131	6.4349	6.323	17.5601	3.0457	2.0436	3.6671
TCGA-DX-A3M2-01A	14.307	5.3143	1.9689	10.0172	93.923	10.0727	35.7319	12.2204	11.8895	1.8128	6.1147	6.6399	4.1659	4.4278	0.0	2.6647	19.6547	2.763	3.8156	0.9717	3.5553	0.0
TCGA-PC-A5DK-01A	6.3001	16.4258	0.0	12.3849	0.0	4.7848	0.0	0.0	1.0905	7.3957	0.9327	0.8278	3.0996	4.8238	0.0	1.1825	1.7868	0.0	4.5884	6.3087	0.0	1.8427
TCGA-DX-A48U-01A	8.7784	1.1074	3.7479	3.0961	2.8192	3.9485	3.968	3.4985	1.5374	3.5773	10.5954	2.877	12.1214	1.6994	1.7831	0.5198	3.2822	0.0	3.8172	2.3086	0.2636	0.2662
TCGA-QQ-A8VH-01A	5.9186	18.9146	5.8749	26.8913	11.0241	4.2127	16.3802	75.8583	7.6506	16.6157	18.815	7.5169	6.1425	47.8662	5.9821	6.596	23.1383	3.4821	47.6167	24.2121	65.9096	16.4351
TCGA-DX-A23Z-01A	11.2927	121.0138	0.0	4.2113	65.5584	292.9663	24.3466	38.8994	67.8808	184.0489	341.8066	461.5487	29.6706	3.1856	6.8595	0.0	0.3135	1.3732	5.2355	0.0	0.0	0.0
TCGA-DX-A23T-01A	11.3493	7.4312	1.4018	0.9028	82.8095	202.1359	41.1619	230.8594	2.7229	9.8597	266.0274	222.0521	16.2385	4.3367	0.0	1.4762	0.0	1.5912	0.0	2.6923	20.6532	0.0
TCGA-DX-A8BP-01A	5.0744	13.332	6.5929	1.0197	35.9385	0.9239	11.1696	2.1288	6.8875	3.0738	2.6277	0.0	6.2564	0.8717	0.0	2.3773	0.0	0.0	2.4586	7.6454	0.0	0.0
TCGA-FX-A76Y-01A	2.2808	0.0	0.0	0.0	4.9909	3.2862	1.6514	0.0	0.0	40.9973	2.2151	0.0	28.8195	2.4426	1.184	9.1914	6.8895	1.2204	3.5617	0.0	0.0	0.0
TCGA-DX-AB2W-01A	22.7542	23.932	43.2311	19.165	26.3411	2.1736	12.2833	25.2803	11.8775	13.5464	24.244	76.2642	3.6105	3.2865	50.5028	3.3848	1.6532	9.5593	6.2481	31.3922	81.6111	6.461
TCGA-IE-A4EI-01A	6.1802	2.9474	5.2454	1.7109	2.9083	4.0982	18.4623	0.5116	3.339	3.7454	3.6248	3.5788	5.0559	0.0	6.3701	3.6822	3.1536	2.9972	3.2865	1.2766	0.0	0.3564
TCGA-X6-A7WB-01A	25.7671	51.3883	6.9926	11.1962	8.271	22.662	8.7609	7.7176	6.171	2.1512	7.796	5.9125	26.7638	3.3043	5.2221	4.3227	8.0109	0.73	2.147	23.8533	1.8459	7.1513
TCGA-DX-AB3C-01A	1.0791	0.0	5.453	4.1338	26.9712	0.0	0.0	0.8622	1.6286	2.4634	1.1459	3.8433	0.0	0.0	0.0	2.8087	0.0	0.0	0.0	7.8635	1.1867	0.0
TCGA-SI-A71P-01A	0.528	0.0	0.7902	1.5691	4.3326	5.569	0.5039	0.0	2.6321	3.322	7.3331	2.8038	2.9154	2.3925	0.0	6.8622	0.2733	1.212	0.7962	0.0	0.0	0.0
TCGA-3B-A9I3-01A	5.0802	1.4792	5.7085	3.7398	3.9502	1.5163	2.1255	2.389	1.4243	1.7842	2.281	2.6995	4.3076	1.594	0.3393	0.0	2.913	0.0	1.3681	0.2592	0.0	0.4434
TCGA-X6-A7WA-01A	2.8639	0.0	0.0	3.0831	1.2813	0.0	0.0	0.0	0.6968	28.3617	2.6961	2.4639	4.6791	0.0	0.0	1.8312	5.7447	0.0	2.3189	0.0	1.0055	3.0974
TCGA-FX-A48G-01A	13.9131	11.3632	10.8005	5.1637	4.4261	19.9824	10.7105	6.0654	51.3209	21.4886	13.9547	17.0394	2.6692	11.3119	10.22	7.972	19.2768	2.7105	7.9947	29.4594	1.2377	1.6164
TCGA-X9-A973-01A	2.6221	6.2998	4.7054	10.0198	0.0	8.1714	12.2597	4.5899	1.2395	0.0	6.1527	5.5858	6.4349	1.6005	1.1906	0.2786	2.6718	1.6324	3.26	1.664	1.3244	0.0
TCGA-JV-A5VE-01A	19.3137	31.0506	11.4133	43.3386	9.4871	5.2615	7.1181	36.231	7.4477	20.8854	6.7821	28.4223	13.7162	12.4382	5.71	5.9633	16.3968	14.7241	1.1619	7.3464	5.1571	0.8798
TCGA-DX-A3U9-01A	6.3948	4.678	6.7346	5.004	16.0861	6.2592	2.8092	8.8416	7.4627	16.1278	6.8628	5.7332	13.86	3.382	4.8534	1.0157	7.7964	6.9917	8.2181	1.001	3.6129	0.5396
TCGA-WK-A8XS-01A	4.5213	6.8085	3.7818	2.5917	1.4035	31.029	0.5519	0.0	3.8747	1.8609	5.9049	0.5348	34.9415	6.3883	0.6178	6.2719	26.4814	2.2302	3.7964	4.7148	0.0	0.0
TCGA-QQ-A5VD-01A	2.0576	0.0	0.0	1.8129	0.3913	5.0636	0.0	0.9485	1.0941	0.3261	0.9665	2.0351	0.0	1.3489	2.7231	0.0	0.9323	0.0	1.79	2.966	0.0	0.0
TCGA-DX-A6B7-01A	10.7166	3.7641	0.8866	8.0878	3.1996	0.9574	1.5273	4.1769	2.4643	22.8803	4.0147	4.7333	15.2468	1.3517	0.0	3.1594	2.661	1.794	5.6456	8.3803	0.0	0.2659
TCGA-IE-A6BZ-01A	20.6503	2.3754	13.425	13.9935	5.1126	107.8848	29.859	23.0089	6.7652	6.5574	9.3172	13.4645	10.3014	0.6777	7.1446	2.8203	15.9058	12.8173	25.9358	15.2454	0.2815	1.3228
TCGA-X2-A95T-01A	5.1091	26.5291	4.6722	4.6911	10.4014	5.2716	10.3079	8.2597	2.6145	0.7446	0.6681	6.9559	27.1619	16.2891	0.8349	11.1823	12.9461	2.2155	8.3057	10.6769	1.841	4.1043
TCGA-X6-A8C3-01A	3.2359	13.0489	5.8131	3.3981	9.2113	6.9513	19.2026	13.9345	13.5857	14.1343	37.9537	14.1228	5.2455	2.8324	3.4725	5.2122	7.0984	9.5401	7.0018	7.9642	0.3827	3.7168
TCGA-DX-A8BO-01A	13.381	14.4655	9.5645	9.7314	4.0912	11.4204	7.4462	15.6202	9.796	11.8156	16.1574	5.8853	1.2806	8.8073	2.3994	4.0545	10.6387	10.077	2.4934	5.6295	0.7552	9.2457
TCGA-DX-A8BN-01A	0.5808	20.4293	6.4151	4.1364	43.2003	53.5251	4.1017	8.33	3.2056	0.0	3.4703	4.3941	14.6714	1.9993	7.2126	27.015	6.0657	0.611	49.0751	2.0315	0.8652	7.1689
TCGA-HB-A2OT-01A	2.8767	2.4043	0.0	10.4547	7.7813	7.2576	7.919	0.0	9.3601	6.9943	0.0	2.674	10.2042	0.5941	0.0	6.2877	9.7896	0.0	1.4938	1.5791	0.3243	2.5269
TCGA-DX-AB2O-01A	218.5243	180.4443	113.9805	244.5496	20.2891	22.1553	24.8763	153.3617	33.0875	60.0144	46.7406	45.3481	70.7608	67.7249	0.7342	12.6831	12.5753	30.5477	2.8933	0.0	8.8464	0.7223
TCGA-KF-A41W-01A	12.1802	6.8719	3.3314	5.4873	21.2168	3.8442	4.6359	11.9461	5.8421	14.8329	6.2029	4.2568	43.489	2.7379	11.3779	1.4988	15.0742	30.9186	8.1202	5.6878	0.6788	3.0128
TCGA-QC-A7B5-01A	10.5452	1.9891	2.3036	1.9153	0.695	0.5496	7.2692	0.0	4.4847	0.0	0.0	0.0	2.5218	0.4732	0.48	5.8686	2.6056	0.4812	3.4039	4.9191	0.0	0.0
TCGA-DX-AB3B-01A	0.0	4.9167	8.9593	1.5401	3.669	4.4435	2.6564	2.438	3.8755	3.9913	10.4243	2.2676	8.1392	1.3347	0.0	2.071	0.0	1.1076	2.6838	0.0	0.0	0.0
TCGA-HB-A5W3-01A	9.563	6.436	0.0	4.9516	24.8549	7.8227	3.9452	9.6916	3.3766	16.8729	9.2545	5.6277	14.1208	3.0664	1.335	4.1835	20.1958	2.1289	6.4814	2.5478	1.2822	1.8665
TCGA-DX-A6YZ-01A	8.7235	12.2735	13.9588	10.6359	9.0912	33.6342	13.0276	26.4557	10.4847	15.3601	12.2959	91.0691	5.6579	6.1865	78.4558	5.8715	72.1301	4.269	4.1808	13.999	1.8664	3.1984
TCGA-WK-A8XQ-01A	0.0	0.9461	0.0	0.0	0.0	1.8286	2.4104	3.2426	0.0	4.7566	1.117	0.0	0.0	0.0	1.1699	0.0	2.6159	0.0	1.1356	1.0572	0.0	2.4309
TCGA-IE-A4EH-01A	9.9594	12.9482	5.77	4.6254	6.0685	4.674	5.9986	1.3099	4.0561	9.3825	8.6114	6.0307	8.1755	1.7308	2.1637	10.0003	9.382	5.4902	9.3839	1.8265	2.7193	3.5399
TCGA-DX-AB3A-01A	324.6795	54.8108	48.1403	19.0162	271.088	20.4565	17.2187	10.3109	13.1545	2.4012	24.1444	604.8322	3.6922	1.1379	0.0	14.2881	160.6908	23.3134	26.6249	37.2705	1.5661	11.6449
TCGA-SG-A6Z4-01A	20.001	11.8523	37.5206	15.1686	4.3917	7.118	7.8716	7.3348	5.0212	9.3329	14.0634	2.9313	14.9827	3.029	4.1393	2.2578	5.8018	5.8097	5.6011	7.013	0.4702	1.1316
TCGA-3B-A9HQ-01A	4.8404	0.0	0.0	1.5633	0.8767	8.7824	2.7864	0.0	0.0	8.2722	0.0	0.5104	0.7325	0.7254	4.2392	0.0	19.7453	0.0	4.6456	0.0	0.0	0.0
TCGA-HB-A43Z-01A	23.4246	19.0598	41.9225	12.4505	7.1242	12.0617	20.972	17.5486	4.0554	36.4606	13.7256	13.4205	55.4608	6.7149	14.5739	6.0669	18.2971	71.6421	2.145	5.5544	45.0546	2.8536
TCGA-DX-A6BA-01A	9.0102	15.6195	5.3225	1.8932	11.2354	4.658	7.1264	8.8338	2.7206	3.3348	3.7388	2.5247	7.8944	0.4432	9.5044	8.4653	5.2464	2.2889	8.297	3.3234	1.246	0.6823
TCGA-3B-A9HS-01A	22.6858	8.2261	4.6654	56.766	154.786	188.6583	3.9054	15.9051	11.4312	3.6974	7.7885	848.8981	0.4761	38.8822	0.0	0.9388	17.272	7.6056	101.0977	4.5732	11.4833	1.1959
TCGA-DX-AB2Q-01A	16.1371	15.7166	8.2681	20.0125	11.6266	19.0456	52.3418	126.7892	11.7148	27.6251	149.096	11.5075	5.7488	6.6969	10.0317	26.3654	28.2169	11.7532	6.5628	34.7755	11.9069	12.4442
TCGA-DX-AB2Z-01A	14.1457	3.5314	20.3878	16.2225	11.0342	1.7332	3.9072	8.4717	6.1148	8.9848	2.3525	3.0058	1.8292	21.4221	3.9716	0.256	2.5271	27.4568	0.5188	7.2507	5.4246	1.3083
TCGA-DX-A23U-01A	788.2178	0.0	0.0	0.0	0.0	0.0	25.015	0.0	7.6838	7.508	1.5829	1.6999	0.0	0.0	28.1347	0.0	0.0	0.0	1.57	0.0	10.963	0.0
TCGA-IE-A4EK-01A	1.9471	1.2478	2.1274	3.3536	1.8642	4.2366	0.8826	0.0	1.2729	3.3345	0.8038	1.095	1.8894	0.0	0.0	7.8683	6.2014	2.3855	3.7007	0.0	0.0	2.1095
TCGA-DX-AB2H-01A	245.4235	59.7687	0.0	7.6013	0.0	2.5623	9.015	5.7511	1.9168	1.2958	32.7372	990.8054	0.0	1.9543	1.1765	52.0168	17.1122	0.0	0.0	0.0	4.6071	11.5903
TCGA-Z4-AAPG-01A	13.1556	10.5842	8.0976	28.6863	19.2439	13.6491	19.1184	18.4952	28.2847	14.66	8.0851	10.5246	7.805	10.2452	17.9006	9.6162	8.0839	9.3307	10.4113	10.1826	6.7008	2.1636
TCGA-FX-A8OO-01A	2.9224	0.0	0.0	0.0	0.0	0.0	0.0	2.7475	0.0	0.0	4.4831	0.0	1.5105	1.3168	0.7864	0.0	0.0	0.0	0.748	1.0028	0.0	0.0
TCGA-WK-A8XO-01A	149.6867	32.6148	0.6753	67.1485	2.1891	26.1145	12.0571	0.0	15.1273	12.2522	6.3635	1391.9755	3.1278	2.9036	1.0021	0.0	2.9114	6.595	10.7621	1.9912	1.5951	2.755
TCGA-DX-A3UD-01A	22.7074	12.146	0.2719	5.9281	23.1454	3.0357	0.2845	0.3116	8.3178	6.0486	7.7559	4.8855	6.8618	2.6323	0.292	5.7656	1.8386	1.5208	7.331	0.2901	0.3047	0.2914
TCGA-DX-A8BG-01A	47.1627	29.3082	2.1918	7.5113	6.0698	8.6307	9.3199	7.6812	6.104	7.8689	9.4437	4.3428	8.3288	20.6311	28.3082	14.9448	23.6378	27.4285	8.895	2.9548	2.8755	1.5982
TCGA-DX-A6BE-01A	70.501	0.0	0.0	0.0	62.799	0.0	0.0	47.1844	214.4424	3.8341	2.5514	577.1819	0.0	33.1355	0.0	9.0047	11.7482	6.5777	8.3312	0.0	0.0	0.0
TCGA-DX-A8BV-01A	26.9025	2.0525	2.795	4.2195	25.1811	3.3439	8.585	12.9841	15.0948	2.3949	16.3746	5.6225	8.5759	5.4129	2.8123	1.5514	8.1271	4.2761	1.496	13.2253	12.0939	5.5574
TCGA-DX-A3UF-01A	15.1966	25.3482	16.5466	8.4825	20.8698	8.5167	9.9243	15.1571	10.1625	5.2763	12.0256	9.1789	5.8155	5.4233	6.1774	1.6579	1.2608	1.3006	4.0843	2.2486	3.5771	0.0
TCGA-DX-A6Z2-01A	8.6757	3.4072	1.0563	11.4959	0.0	15.7873	0.0	22.3449	1.1057	12.1345	1.0397	3.1383	9.0114	8.5592	0.0	1.6536	3.02	0.3525	3.9372	6.0898	0.8894	0.0
TCGA-DX-AB2J-01A	2.8525	0.0	34.222	2.1812	0.0	0.0	0.0	3.9834	6.8662	6.7606	0.0	27.1975	1.3246	0.0	0.0	8.2478	2.7565	1.3338	1.3419	2.2389	0.0	2.4574
TCGA-DX-A8BJ-01A	37.9227	30.8343	1.9196	49.8332	20.7912	2.5516	28.3689	76.6758	8.6693	12.2598	11.3947	35.5056	0.7735	13.587	0.0	4.6665	10.7029	0.4799	33.697	0.598	1.9108	1.2297
TCGA-DX-A48R-01A	2.9353	5.1254	29.789	3.3904	4.6964	3.9591	11.3101	8.6141	0.8274	13.2715	3.9188	10.08	10.5505	4.7728	1.4157	5.9989	100.1322	2.2816	25.4228	0.9192	1.0064	0.0
TCGA-DX-AB2E-01A	13.4906	4.5863	13.7517	15.3968	34.2394	4.4488	6.8737	30.83	41.8189	11.7277	8.2964	3.7929	6.3353	0.8409	7.3636	5.7894	2.5755	3.2207	4.7087	9.3213	1.1882	0.0
TCGA-DX-A7EQ-01A	1.0171	2.0068	0.0	0.0	0.0	0.0	0.0	0.0	9.7232	0.0	0.0	0.0	0.0	0.0	0.0	4.2467	0.0	0.0	0.955	0.0	0.0	0.0
TCGA-DX-A3UA-01A	8.6119	14.2309	34.091	59.9382	5.4579	2.7582	0.0	7.7402	11.6806	2.5666	0.0	4.302	0.0	0.0	0.0	3.5469	1.2813	0.0	21.6706	1.3383	3.4366	0.4516
TCGA-X6-A8C5-01A	3.8943	8.4169	1.1373	9.5829	16.41	8.9202	0.0	0.984	0.0	2.0405	2.2428	0.8711	10.7723	2.0002	0.8974	0.6597	2.0367	1.9272	1.2139	0.7236	0.0	0.0
TCGA-DX-A48N-01A	161.9725	12.0416	16.632	30.7479	0.0	94.829	6.1597	45.8483	142.0793	0.7343	12.4381	679.8474	4.8712	13.0993	0.0	6.5942	10.2611	11.0214	68.2238	11.5564	0.4145	4.3458
TCGA-SG-A849-01A	14.0202	4.288	6.9807	10.4614	4.5282	0.7251	8.6362	14.7407	4.3687	3.2055	0.0	0.6853	1.9432	7.6595	2.9041	0.0	3.4733	2.8674	0.8686	0.9357	0.4852	0.8226
TCGA-PC-A5DO-01A	25.145	39.533	11.987	17.23	10.0246	5.8922	5.2119	4.9164	0.699	22.9692	6.6468	9.0197	8.7212	16.6258	7.7707	3.8035	20.3125	24.8884	5.3107	4.6346	9.6951	2.8724
TCGA-KD-A5QS-01A	45.0266	33.0907	37.9859	11.6859	52.6406	18.2903	10.3774	15.0873	33.794	16.9838	19.1512	19.4783	75.7972	6.248	6.2372	18.4792	37.4182	25.2186	6.2912	15.7647	19.4923	2.2677
TCGA-UE-A6QU-01A	12.2633	9.2493	41.1314	25.833	74.0166	8.9052	8.1369	16.7325	20.0098	5.9241	12.1632	4.619	2.0064	3.6772	2.7161	0.0	7.8129	4.3862	5.8279	13.3229	4.2023	2.2968
TCGA-IS-A3K7-01A	17.2298	36.5766	23.1554	14.594	11.6614	12.6831	5.1189	10.4418	18.1433	12.1571	3.1076	73.9839	8.9199	6.4077	11.9296	9.3061	6.7837	2.2736	0.8193	10.1452	1.8277	0.655
TCGA-QQ-A8VB-01A	10.6658	8.5953	16.2078	11.8338	6.5611	3.31	11.6236	3.7719	10.3538	0.3583	6.2289	2.5975	14.3587	3.2477	0.3076	1.8515	7.7666	3.3521	9.6316	0.0	10.3248	0.3847
TCGA-DX-A48L-01A	6.4062	60.0754	7.6995	3.3106	12.3496	1.0607	4.5978	5.1959	3.7947	1.0925	14.6582	4.7641	38.1111	3.79	5.1057	1.0723	79.7431	17.1607	3.6154	2.7176	2.9404	0.7433
TCGA-DX-A48P-01A	5.8005	3.83	7.7603	0.6822	0.3626	5.7339	0.4738	0.0	0.0	6.5634	3.0469	0.8019	7.1943	3.1647	0.0	3.6709	0.9235	0.0	7.3079	42.8527	0.0	0.723
TCGA-X6-A8C7-01A	5.7328	0.0	20.5682	5.6749	1.247	1.5254	0.0	0.0	2.9951	0.0	1.3339	0.0	0.0	0.0	0.0	4.0981	0.0	0.0	1.6254	0.0	0.0	3.9705
TCGA-DX-A7ET-01A	11.2387	7.1874	0.8091	4.8334	33.6833	21.4713	4.3266	7.3026	22.9821	6.4812	6.4837	1.3293	5.3484	3.6408	9.1493	1.0495	1.5674	1.52	48.7255	1.1497	3.0486	10.3347
TCGA-DX-A3LY-01B	99.7489	53.0598	54.9639	41.572	105.3305	7.445	47.3612	68.3223	29.6236	0.953	10.163	1097.3133	18.9942	0.0	25.8109	6.4614	4.8474	98.1393	0.0	34.0413	5.0765	1.504
TCGA-DX-A7ER-01A	1.566	0.0	0.0	4.7811	1.3553	0.0	0.0	0.0	1.3777	0.0	0.0	1.6451	3.3881	1.3868	0.0	1.1742	0.0	1.0184	0.0	0.0	0.0	2.0515
TCGA-DX-AB2G-01A	1.5928	3.1798	48.5527	2.845	24.2241	129.0949	0.2685	0.0	0.0	0.0	12.241	751.6692	0.0	1.1748	0.0	3.301	0.0	30.2372	0.0	1.1867	0.0	0.0
TCGA-DX-A3U5-01A	10.0893	4.3174	7.8545	58.2192	23.412	157.3741	14.0011	12.0132	12.7907	7.606	20.8551	1003.4819	5.597	1.8591	0.0	14.6593	21.695	3.3233	4.8627	4.6982	2.365	0.0
TCGA-JV-A75J-01A	7.1892	41.6722	1.0977	3.7515	1.0236	7.3059	24.9305	174.391	42.7588	89.9274	0.0	4.5349	4.1661	0.0	14.8464	24.0632	18.5544	0.0	60.2784	1.4789	43.3576	60.6766
TCGA-DX-A6BB-01A	10.3726	3.5885	3.803	2.8338	0.0	17.119	12.0894	1.3428	4.4193	13.306	0.6588	1.5355	22.544	0.514	1.2929	1.1568	6.0075	2.4622	1.3346	4.1104	1.5027	1.897
TCGA-WK-A8XX-01A	14.7716	16.1279	6.4909	7.6308	10.1499	13.7668	0.786	5.9448	7.0027	10.3072	0.0	0.6658	3.805	9.5501	3.0117	1.0828	7.2226	4.6242	3.2972	2.6467	1.6625	0.2763
TCGA-K1-A6RV-01A	45.954	38.6012	22.1038	47.1784	37.7661	4.7661	5.899	16.7808	27.1917	49.187	20.3542	8.6578	8.489	9.5249	12.5011	3.9553	12.3522	3.8566	8.6222	2.1798	25.3446	5.7467
TCGA-DX-A6YX-01A	32.627	23.7795	16.097	4.9979	4.0925	12.2408	19.9973	116.7717	17.5044	22.1895	23.2301	29.6372	6.6244	5.6864	8.1205	8.6018	23.9326	10.5427	1.0066	7.1952	7.1048	2.6609
TCGA-DX-A8BK-01A	9.2023	11.3062	35.7009	18.2738	88.2348	5.0657	4.4525	11.5224	20.0787	1.3747	16.1447	13.6994	16.23	0.0	24.7518	9.857	18.7395	8.4507	14.4337	10.3329	0.4844	2.5141
TCGA-DX-AB37-01A	13.6487	18.8255	272.291	1.3502	3.9826	1.3169	20.6964	3.5471	10.7422	0.0	12.9129	453.1989	1.8004	9.5756	0.9001	10.3454	18.9094	0.0	6.2614	0.0	0.0	0.842
TCGA-DX-A1L2-01A	385.3976	7.0284	62.7923	6.0257	49.0218	3.9834	175.1473	18.6776	10.2885	0.7772	4.1891	5.412	0.7654	15.7181	0.7218	0.7761	14.9295	3.6669	8.2483	1.7158	0.3926	4.232
TCGA-HB-A3L4-01A	14.9928	14.1951	14.8303	22.0474	2.5148	5.4025	4.1512	18.1782	183.5462	6.7606	6.1819	13.053	73.9988	15.2073	2.7395	3.7611	3.4174	4.192	0.0	0.8524	2.1206	7.8717
TCGA-FX-A2QS-01A	160.0605	77.9912	52.0092	69.9563	170.9474	125.5329	268.5396	25.829	84.8217	18.2688	86.4121	761.3252	4.1414	18.7355	9.3706	14.9373	103.9296	8.7491	94.1761	24.6033	8.8966	17.4146
TCGA-IF-A4AJ-01A	10.269	3.9671	1.5084	1.0179	3.0602	0.6728	0.3484	11.7813	4.191	21.3872	2.6559	1.3948	3.1835	0.6452	2.3663	0.9773	2.8636	2.9184	1.1026	3.1783	0.7275	1.5711
TCGA-3B-A9HI-01A	28.2244	10.8938	2.1289	28.308	17.7076	4.6744	3.0602	14.7499	29.8773	25.3669	74.6487	8.2497	25.271	2.5691	3.5436	0.7671	13.0403	0.8734	3.5187	17.5397	12.7907	0.4656
TCGA-DX-A1L3-01A	165.0475	0.0	1.7972	1.5668	61.0758	28.7274	0.0	0.0	0.0	1.6242	5.7678	460.8579	0.6141	1.6682	29.8089	0.0	0.0	48.9828	37.0666	0.0	1.3465	0.0
TCGA-MB-A8JK-01A	23.3271	26.7788	24.5631	4.0973	7.5658	7.3584	3.3005	19.027	14.2427	18.7974	9.2595	18.7449	13.9044	2.6651	7.8053	9.2929	18.3229	5.4528	17.8338	12.0784	3.9244	0.0
TCGA-DX-A8BL-01A	43.0501	30.5818	82.8479	33.9635	19.1105	44.836	12.5801	45.0736	9.9957	13.1879	17.8701	30.703	12.0214	20.7588	8.0814	11.812	9.2979	5.0871	54.2537	51.5007	3.7199	0.8683
TCGA-QC-AA9N-01A	8.4366	14.2344	18.2552	18.709	2.6332	4.9266	30.0459	14.5747	14.1544	15.5962	12.5521	38.2198	27.8882	3.0053	6.4427	10.7211	27.0662	7.8492	5.1454	11.0486	71.1119	1.9645
TCGA-FX-A3TO-01A	28.1199	43.65	42.7489	24.3108	64.5111	25.7073	61.5899	8.7059	82.4598	47.4073	99.2636	177.0095	41.1666	17.9771	280.246	10.4697	113.5932	58.5548	17.1559	24.371	8.9831	7.8449
TCGA-IW-A3M5-01A	14.7856	40.0944	55.5584	15.1935	12.4011	27.5295	11.2616	15.7344	9.0689	24.4355	3.2691	12.7419	4.3118	7.2533	19.3868	8.3158	1.695	4.6598	16.9643	22.8139	1.1131	2.2605
TCGA-K1-A6RU-01A	12.6931	7.4583	48.4377	6.3743	10.8254	19.6067	5.3019	0.0	99.2983	0.0	15.9915	5.8767	12.5329	43.572	1.0853	10.0157	7.7979	5.5628	5.1263	15.388	9.419	1.4218
TCGA-DX-A23Y-01A	7.6501	5.5342	32.1616	6.6707	10.6011	490.644	10.9893	38.9069	9.8013	3.6444	19.2627	867.3306	10.4528	21.2779	8.1954	30.4968	3.2568	1.3653	13.896	1.9501	0.0	1.8524
TCGA-DX-A3U6-01A	123.243	1.8353	35.1219	0.0	5.0191	27.5908	34.2148	0.0	15.617	2.752	1.3362	216.5388	1.4511	5.1732	0.0	2.2814	2.2436	0.0	0.0	27.8143	0.0	1.3734
TCGA-DX-AB2P-01A	11.8029	19.2565	5.3868	22.0799	22.3092	3.8114	5.6398	16.1278	7.3606	7.4569	2.3403	2.9497	34.7918	48.4089	3.2488	5.207	17.9299	7.0166	0.7568	18.1463	0.0	1.3748
TCGA-DX-AB35-01A	22.4439	26.2411	4.4856	11.2051	8.4858	14.4298	23.9016	26.0136	10.1338	29.9933	34.0919	396.9644	3.6715	1.9162	19.4479	0.0	64.718	34.7548	0.7605	1.6869	3.1434	0.0
TCGA-DX-A2J4-01A	8.3137	0.0	0.0	0.0	0.0	0.8472	0.0	1.4611	1.0542	0.0	0.0	722.0756	0.0	13.0616	14.428	2.0994	3.9843	19.8127	94.314	0.0	5.3265	2.9978
TCGA-DX-A3UB-01A	0.0	2.5712	0.0	1.2011	2.9182	0.6705	1.0345	1.936	0.0	2.4776	1.3804	0.0	0.9844	0.0	9.119	0.933	0.0	1.8111	1.2531	0.0	0.0	1.2069
TCGA-DX-A8BU-01A	29.1408	47.3838	20.2929	35.0861	21.7157	97.5464	21.968	4.3701	20.3524	11.8183	4.9036	7.7461	32.797	3.8031	0.5533	4.169	11.3687	31.8421	46.0749	21.4177	1.3656	8.8206
TCGA-DX-A6YT-01A	31.0934	7.898	13.7497	17.2869	8.7806	21.6709	16.3148	15.9663	26.1751	17.0253	12.1391	14.4519	2.1141	25.6018	16.8717	8.1063	54.4979	3.142	5.9174	4.5825	4.3118	1.0689
TCGA-DX-A48J-01A	16.3906	1.1121	1.5906	0.0	2.5729	3.8119	6.9685	11.6187	3.8022	3.1445	0.6908	2.3487	2.9666	0.0	0.0	0.0	0.7376	2.5719	0.6562	0.0	0.0	0.0
TCGA-DX-AB2L-01A	0.0	0.0	2.3204	0.0	1.3119	2.7022	2.6256	1.4232	1.1443	8.8656	0.0	0.0	0.0	0.0	0.0	2.6716	0.0	2.34	1.1642	2.1309	0.8831	1.5881
TCGA-IW-A3M6-01A	8.9876	45.2503	5.7724	7.2183	1.201	4.3014	4.5368	1.393	5.5974	3.4774	2.3541	2.276	0.9365	5.3217	0.0	2.2042	2.655	2.5893	0.2655	1.9169	1.9363	0.4749
TCGA-HS-A5N8-01A	18.0887	12.9203	16.1134	16.4777	8.0142	4.4236	4.7959	21.681	2.293	19.7731	14.235	13.2071	8.4866	0.4065	6.6182	4.9515	20.2109	1.6068	20.7578	1.3536	4.5074	2.9429
TCGA-IE-A4EJ-01A	13.8215	9.6002	12.7688	43.8518	42.4009	23.3211	26.8318	11.4458	3.2487	6.2454	23.5643	10.9137	3.4413	11.6542	15.0956	4.8623	1.0887	5.2557	1.8164	18.446	8.9163	1.9989
TCGA-DX-A8BZ-01A	3.635	21.4055	0.6519	1.762	2.9135	1.7675	0.825299999999999	4.5382	4.5796	0.0	2.239	5.3777	0.6444	2.2726	0.5599	0.0	0.8947	21.2792	1.4606	4.406	2.6797	0.255
TCGA-RN-A68Q-01A	0.0	0.0	0.0	3.0313	2.6384	1.5975	0.0	0.0	0.0	0.0	0.0	0.0	1.1956	0.0	0.0	0.0	0.0	0.0	1.3979	0.0	0.0	0.0
TCGA-SI-AA8C-01A	14.853	2.757	26.1682	23.0264	0.0	4.3901	65.4932	4.4328	14.0264	6.2954	0.0	3.7117	3.2172	4.0571	2.68	5.3355	14.7231	2.8852	9.9985	9.6034	1.0549	16.7739
TCGA-MB-A5Y9-01A	0.0	0.0	0.0	15.482	1.6115	5.8778	4.5606	4.8128	2.4666	1.7903	11.6803	2.8844	16.7537	8.3749	0.6491	2.1627	0.5384	1.5288	0.0	12.1194	0.0	0.7657
TCGA-DX-A7EO-01A	1.4543	0.0	0.6593	0.5838	0.0	1.2804	0.0	0.9178	1.8421	0.0	0.6252	1.3	0.0	0.0	0.0	1.3755	4.1084	0.0	0.0	0.0	0.0	0.8616
TCGA-SI-A71O-01A	34.4777	36.3832	29.7293	24.6499	19.6675	23.7445	41.2225	62.3825	3.6483	11.8918	22.6258	17.9082	43.2381	25.4436	6.1402	10.3345	14.0207	9.9717	33.7174	20.0095	0.0	9.3913
TCGA-X6-A8C6-01A	60.3695	16.2285	34.5711	13.158	15.6692	12.4443	43.4872	61.1427	164.8763	11.0507	6.0671	47.6234	6.1946	78.3699	20.3276	0.2691	6.2575	13.0561	10.7533	36.203	3.0851	7.4648
TCGA-DX-A7EL-01A	7.0248	12.6101	5.6269	14.0962	7.3432	0.0	0.0	2.6329	4.7259	0.8348	16.0992	10.3259	29.9684	6.4085	2.7574	0.0	4.5541	0.0	2.8852	1.0617	1.1433	1.4294
TCGA-SI-A71Q-01A	33.7214	28.071	87.0824	18.562	32.9512	50.0616	55.4982	123.9349	23.0445	5.4335	36.9987	36.754	4.6761	10.3325	14.2801	4.0066	9.5598	10.994	9.6665	2.6286	1.5162	4.3138
TCGA-HS-A5NA-01A	43.2904	40.3578	2.1309	4.7779	3.731	0.359	9.2161	2.0741	8.3248	0.0	4.5675	1.4986	23.9955	8.0056	3.7521	3.9457	2.0557	0.7704	3.9411	0.3211	6.8666	4.279
TCGA-Z4-A9VC-01A	0.0	0.0	0.0	0.0	0.0	0.9245	0.0	4.5157	0.0	1.6357	1.275	0.0	0.0	0.0	0.0	0.0	0.0	0.0	0.0	0.0	0.0	0.0
TCGA-DX-A3UC-01A	2.5263	11.1428	0.0	5.6576	0.7254	0.8172	1.0891	0.0	3.2852	0.8001	0.729	0.794	3.2152	0.0	5.4735	4.4437	9.0673	2.0983	7.8243	0.0	0.0	0.0
TCGA-X6-A7WC-01A	174.3275	11.8213	28.6238	27.2712	73.8839	7.076	17.3372	27.5846	4.1231	7.7124	28.5246	11.9222	4.6948	50.0485	13.4322	3.7469	41.1101	3.332	22.2936	13.2843	4.3487	1.0551
TCGA-DX-A48K-01A	6.0854	5.9808	3.8281	17.4401	10.1759	6.0052	2.973	3.2852	4.4255	6.2164	4.353	3.9046	14.1808	1.3645	4.6185	1.5014	20.9781	0.5785	45.1746	0.5643	5.4218	1.6222
TCGA-DX-A3UE-01A	1.9172	6.7382	2.5759	10.0342	2.642	5.0088	0.5741	0.0	0.2757	20.0469	0.6756	1.6161	4.0717	2.8957	0.0	0.0	11.3606	4.3262	5.1829	6.5406	0.8438	0.0
TCGA-DX-A6YU-01A	12.854	16.0852	2.4948	24.9381	21.3992	12.7006	15.9491	6.2881	11.9511	7.7682	6.2312	11.261	4.8872	10.7638	1.0029	13.8987	12.1621	4.4132	2.3475	18.7286	11.1563	1.3215
TCGA-IS-A3K6-01A	9.1253	9.5038	4.2871	3.1718	8.1751	2.9862	3.6704	6.3134	2.6658	8.2781	3.9047	1.4245	16.9955	3.5292	0.0	2.567	6.5226	0.0	1.0953	0.0	0.8129	0.784
TCGA-DX-A1KU-01A	290.7485	9.877	6.9453	0.7346	26.077	4.1026	1.9367	2.5081	11.6904	0.2751	238.8476	251.2243	1.0911	0.3559	2.973	1.6194	0.0	8.4621	10.4852	4.4335	0.6045	2.2479
TCGA-DX-A7EN-01A	12.7848	15.3479	5.5028	6.3871	15.1006	9.8929	12.5169	4.9404	2.1321	7.5133	3.5198	17.1229	5.5503	6.4074	1.135	2.9018	1.3903	2.1658	9.2514	1.1589	1.2735	0.6097
TCGA-RN-AAAQ-01A	3.6083	14.6056	5.2002	5.9515	31.5349	7.4958	45.4531	9.5693	21.5756	5.005	10.7067	10.0976	6.4125	30.742	0.3403	6.2165	5.1183	3.6292	9.9309	8.7515	3.0932	0.4662
TCGA-K1-A42W-01A	23.3704	8.5009	8.7522	15.1471	48.0118	0.3166	2.4203	1.5359	4.1086	6.0322	2.5403	7.5481	4.5309	0.0	5.2577	1.0978	1.3876	0.0	5.7009	2.8837	0.724	1.3254
TCGA-MB-A5YA-01A	1.442	0.0	0.0	0.0	0.0	0.0	1.5118	0.0	0.0	11.8905	0.0	1.5793	6.4631	0.0	3.2325	4.7361	3.4218	0.0	2.6456	0.8745	3.2628	0.0
TCGA-WK-A8XY-01A	19.1261	6.5703	8.6413	13.9333	1.0357	27.9236	8.7924	2.4388	3.7686	1.1504	20.2354	11.084	12.5091	4.6172	2.2116	9.3663	10.8721	2.1705	3.6983	5.7591	0.4817	1.9772
TCGA-DX-A1KX-01A	22.8708	34.0976	26.1012	45.1704	44.511	64.8216	118.8755	8.7393	32.5323	16.7101	75.0383	26.3293	10.9697	7.8938	32.3974	11.6474	6.5862	13.9048	36.6198	72.8707	67.0418	9.9282
TCGA-QQ-A5V2-01A	0.0	3.2747	0.0	5.4225	0.0	0.7517	0.0	1.1027	0.0	0.0	1.2511	0.0	0.0	1.2427	3.5433	1.075	0.0	0.0	0.0	0.0	0.0	0.0
TCGA-PC-A5DL-01A	2.2975	0.4935	2.9683	1.5954	1.7497	10.8996	2.0351	2.5648	0.0	0.6261	5.8141	3.3814	3.6519	0.0	0.5266	0.639	9.8437	3.8464	0.0	0.5454	1.4942	0.5784
TCGA-DX-A6YR-01A	32.5319	16.5771	11.9016	31.0962	10.3901	22.3851	34.8541	22.7259	47.2497	50.9389	55.4293	5.2843	28.2173	7.5091	5.1779	6.5332	15.6456	15.1716	39.2848	18.7874	55.1141	15.486
TCGA-JV-A5VF-01A	18.9282	4.7545	7.7774	10.3968	13.5375	20.9212	11.1242	14.2625	11.4828	18.28	7.9354	6.3225	3.6079	0.3505	5.259	3.9067	8.2247	6.0201	3.7051	3.1213	2.4189	4.8683
TCGA-DX-A6BF-01A	124.6749	18.637	4.136	12.2703	33.6495	0.5798	11.0989	5.5474	8.2993	20.7701	12.3701	616.2881	4.7341	0.5801	0.0	0.0	30.1862	2.5715	1.2956	0.0	5.489	1.7738
TCGA-DX-A6YV-01A	51.8954	33.9618	16.2331	11.335	11.5676	25.1954	2.4292	6.3295	18.8135	13.424	26.5751	20.0591	8.0052	4.7868	3.2406	5.8439	41.6206	3.63	14.8359	12.3504	11.5862	1.338
TCGA-DX-A8BX-01A	12.2673	21.8759	2.1706	5.1835	5.2332	5.9843	29.2757	28.4927	5.7455	0.266	3.6896	29.1632	2.1423	2.608	7.0582	2.048	2.9191	0.2652	1.657	0.6277	0.2692	1.532
TCGA-DX-A8BH-01A	1.5109	10.8782	99.7973	2.6427	17.1137	3.5057	40.295	27.9924	77.4776	4.8505	7.5556	11.8604	4.2535	2.2926	2.8136	6.9453	3.4787	5.5401	1.8696	2.2995	3.8882	1.3808
TCGA-3B-A9HY-01A	2.4846	16.3653	3.9847	3.4181	3.1505	11.728	0.6952	2.4761	0.0	13.6143	1.0797	2.346	12.3767	4.009	0.9962	4.9421	16.8728	0.0	1.8064	1.5256	0.0	2.443
TCGA-DX-A3LS-01A	2.8653	0.0	83.4155	45.9756	62.1101	80.0332	41.9978	42.348	30.9468	0.0	1.7576	547.1272	0.3478	8.7638	0.2924	0.0	0.0	0.0	6.3273	48.7352	1.1874	12.4986
TCGA-FX-A3NJ-01A	1.5252	1.0075	0.8668	0.0	0.8718	0.0	0.0	1.4396	0.6911	19.0923	0.0	1.2621	7.2507	0.0	0.0	5.2022	9.4127	0.0	0.8101	2.4011	0.0	2.3829
TCGA-3B-A9HP-01A	3.6411	7.8979	5.6835	0.0	0.9525	1.6708	4.8705	10.9352	0.4695	12.3198	0.0	0.7811	0.0	3.6566	1.772	0.0	1.5425	15.3425	2.9404	0.0	0.0	0.0
TCGA-DX-A1L4-01A	0.0	2.028	0.0	2.5508	0.0	78.5461	2.9048	0.8618	0.0	17.0208	0.0	489.5431	1.2181	0.0	10.7821	0.0	2.9482	0.0	2.9154	7.7886	21.578	0.0
TCGA-3B-A9HR-01A	10.4817	24.3795	88.2326	13.0725	23.7661	21.2329	16.2406	6.3275	15.3489	34.0999	14.4081	3.2783	19.9927	6.8339	10.9814	5.6682	25.8114	10.4434	3.3918	10.4824	2.4735	1.2809
TCGA-DX-A1KW-01A	0.0	6.6712	19.7829	5.415	162.4092	8.8616	6.6597	19.2235	5.6737	13.1178	5.432	1059.5937	11.5431	6.2331	14.4635	13.5936	3.9234	7.5518	12.9178	8.64	1.3971	1.3603
TCGA-DX-A8BR-01A	43.678	1.561	97.6445	298.9223	0.8303	8.9449	303.5247	7.9753	2.3543	61.3122	84.7068	11.0276	22.0113	8.3689	0.8602	1.2098	0.6163	1.6452	0.5734	2.8642	1.0653	2.8194
TCGA-DX-A8BM-01A	37.8629	116.533	9.8384	29.7667	61.2168	54.5333	61.8501	47.5707	10.4516	50.5883	24.467	25.9299	31.5429	37.6663	50.1741	4.3811	46.2961	12.1708	40.5204	17.0585	8.6651	2.7508
TCGA-DX-A3U8-01A	3.3553	0.0	2.1928	1.817	0.3116	0.0	3.6392	0.31	0.8617	1.602	0.0	0.0	1.3262	1.9007	0.0	3.1646	0.0	0.0	0.0	0.0	0.0	0.0
TCGA-X6-A8C2-01A	111.9923	27.4214	28.5854	20.9798	72.6197	17.5164	13.891	26.8194	3.0549	6.4562	5.9087	12.1095	15.2076	0.859	5.0387	8.8431	17.4831	7.2632	15.7785	8.6423	2.2726	2.6743
TCGA-X6-A7W8-01A	6.3374	20.6613	23.0148	16.9475	45.1477	11.4324	16.1408	53.3173	12.6787	20.7196	13.1678	10.7134	73.2062	19.3733	5.32	13.5767	85.6384	31.4854	1.6273	34.134	20.7423	3.3071
TCGA-DX-AATS-01A	41.8773	83.0243	28.7386	38.4927	94.4393	176.7964	78.2113	32.0344	150.32	20.5456	8.1864	32.636	19.6825	2.5852	9.3614	21.3476	8.3516	128.2531	33.0872	24.7279	5.0646	0.0
TCGA-LI-A9QH-01A	7.3867	1.3379	51.4451	14.5374	8.0841	24.4127	16.1865	16.1503	19.2872	5.3338	43.1777	2.2953	35.2654	6.9797	13.202	2.7631	29.4991	25.2012	28.4497	1.832	2.8428	4.7237
TCGA-QC-A6FX-01A	12.9181	21.2324	13.9426	27.2466	14.9319	136.6651	52.9624	5.3243	20.0385	20.4688	1.324	5.7641	4.5172	55.2249	5.5991	22.4158	6.7669	15.1103	58.7438	73.8414	9.1808	5.7092
TCGA-DX-AB2S-01A	58.5159	0.0	0.0	0.0	0.0	1.6367	5.0396	0.8963	0.0	0.0	0.0	258.3577	1.5539	0.0	1.0652	0.0	0.0	0.0	2.4484	0.0	0.0	0.791700000000001
TCGA-WK-A8XT-01A	9.718	0.0	3.2134	1.1126	0.9105	1.5301	0.0	0.0	0.0	1.6545	0.0	1.1273	0.0	0.0	2.9012	0.0	0.0	2.5581	1.2363	0.919	1.618	0.0
TCGA-HS-A5N7-01A	12.0845	2.0603	1.0451	1.124	3.0993	6.2354	6.2046	0.3533	2.5664	7.1156	2.5678	4.4696	6.4349	0.3581	1.0997	10.1006	15.3397	14.396	4.1356	1.3426	1.9458	0.9454
TCGA-DX-A6B8-01A	54.9703	53.3595	24.4992	68.4995	31.7018	11.8689	19.7489	27.4998	47.7674	33.2912	26.9746	22.1528	19.6164	22.2688	11.0236	9.1681	21.853	3.6194	15.1421	8.6873	6.0018	5.662
TCGA-FX-A3RE-01A	8.2424	7.5459	12.9086	6.1091	2.9736	1.4417	22.5225	9.7816	14.5278	5.4636	3.5385	6.4061	8.9257	3.8567	3.2627	4.7591	21.1878	3.7674	12.1967	0.8231	5.283	0.0
TCGA-DX-A3LT-01A	4.2996	3.9522	78.396	0.0	56.0426	32.9134	5.7821	28.6427	2.9314	17.5881	227.5611	1016.7272	0.0	2.9634	0.4365	0.8146	2.0217	1.3393	133.2812	5.6028	3.4593	37.7268
TCGA-MO-A47P-01A	0.591	0.0	2.7228	0.0	0.9792	0.0	1.605	0.0	0.0	1.2524	0.0	0.0	0.7684	0.0	0.0	0.0	4.1743	1.0095	0.0	0.0	1.3078	0.0
TCGA-X6-A8C4-01A	30.9618	28.1993	14.3055	21.0286	39.5965	18.5231	18.0962	24.3608	44.5116	19.4246	14.3706	14.8045	5.3334	9.2573	5.4154	2.6878	38.6939	10.5157	32.0755	4.6904	4.4132	3.2517
TCGA-VT-AB3D-01A	14.2108	1.7613	57.4575	6.1617	2.4049	66.2456	3.5621	5.7362	13.1177	0.0	0.3237	4.8328	5.2834	0.0	1.2043	0.0	0.2635	1.1904	20.6829	0.0	0.0	1.5433
TCGA-MB-A8JL-01A	1.5853	8.2912	1.9486	0.5597	0.6741	2.7447	2.0076	4.2163	13.4644	1.4478	14.1009	15.0068	0.0	7.1275	3.5371	9.3316	4.0876	0.0	0.0	0.7517	0.0	0.0
TCGA-DX-AB36-01A	159.089	0.0	13.344	13.5518	11.3223	0.0	1.5293	5.7636	29.2028	0.0	253.6431	731.2975	0.0	0.8014	0.8384	0.8113	0.0	95.7673	3.1805	0.0	0.0	0.9019
TCGA-KD-A5QU-01A	8.7119	16.4042	6.3029	5.5926	7.6217	21.2591	3.4174	8.8541	6.1567	17.0366	1.7636	10.9232	34.4062	0.5419	0.5184	1.4023	10.9219	0.519	0.9834	7.5539	1.196	1.7059
TCGA-UE-A6QT-01A	0.0	2.6286	3.6732	3.5183	3.2166	2.3838	0.0	3.6684	1.1466	1.3339	2.7217	0.0	0.0	3.496	0.0	0.0	5.2118	1.2278	0.3571	0.0	1.2351	0.0
TCGA-DX-AB2T-01A	28.9115	33.3852	8.1658	6.0588	4.0839	121.053	2.5197	13.2533	13.774	6.7499	14.561	25.9901	26.6546	13.0999	0.2726	11.5548	18.8704	48.8367	0.9911	3.2108	0.9231	6.9654
TCGA-QQ-A8VD-01A	0.0	0.0	2.9889	3.5782	1.0804	2.2143	1.1561	0.401	3.6528	0.0	1.8247	0.0	2.2534	0.0	0.0	2.9964	0.0	1.3602	1.3538	0.0	0.0	1.149
TCGA-DX-A3LU-01A	56.1113	1.3573	31.8536	5.6624	19.6315	327.3658	0.0	5.1919	31.4534	0.0	1.2365	373.2955	0.0	1.9464	0.0	0.0	0.0	0.5641	0.0	0.0	1.5791	0.0
TCGA-DX-A6BG-01A	238.9646	54.6848	27.2749	4.4657	216.294	0.0	0.0	0.0	0.0	20.0869	0.8751	737.6203	0.0	5.3094	25.1682	31.9784	3.6726	10.51	4.5214	122.5422	0.0	1.0484
TCGA-IS-A3K8-01A	16.5163	2.9809	3.1268	0.0	0.9075	4.5389	3.4574	0.0	0.0	0.0	0.8643	0.0	0.0	7.9202	0.0	0.0	1.4699	1.1738	0.7694	1.4824	0.0	0.7424
TCGA-QQ-A8VF-01A	7.449	2.118	9.3106	3.9045	14.03	1.947	68.6002	14.2743	14.0668	4.3501	0.2507	18.5446	3.2696	4.0017	11.5113	1.888	0.2537	20.8672	51.6966	13.3561	1.6266	3.2665
TCGA-MO-A47R-01A	2.0007	7.992	5.9513	6.1249	0.6201	0.0	0.6148	1.9216	29.9075	0.5485	3.9885	8.8157	2.1492	3.1758	0.0	5.6456	4.099	1.2285	1.0034	0.0	0.0	0.6228
TCGA-DX-AB2X-01A	41.2104	37.5741	63.7867	12.7588	9.0581	13.8872	46.5529	75.9696	24.2986	14.5683	10.9712	21.5374	14.4586	8.7015	4.3067	12.5886	13.7213	10.9219	0.0	5.1701	5.8309	3.2974
TCGA-IW-A3M4-01A	7.3351	3.7413	3.1461	0.5215	1.0983	0.9667	0.747	2.0328	2.2478	1.7614	0.3235	2.4367	4.999	4.9282	2.007	1.0263	3.4595	0.7624	0.9674	4.1703	0.2514	0.2831
TCGA-QQ-A5V9-01A	2.8949	1.8971	51.6674	4.9372	27.6463	10.4225	24.4115	3.3068	26.3074	5.189	4.8285	3.0491	3.2373	7.9937	1.1294	7.936	0.9711	6.8094	3.3887	15.9193	62.7211	0.594
TCGA-DX-AB2V-01A	106.2119	16.6657	50.6524	11.937	113.0468	24.5649	51.5187	33.8467	2.837	3.7796	27.5395	91.0988	10.2343	100.449	1.7699	10.0671	16.2084	5.3359	10.3675	11.1696	7.3306	5.4844
TCGA-3B-A9HX-01A	9.4272	21.3326	9.1847	0.9259	0.4222	2.5963	5.2425	4.0434	6.1634	5.1365	4.6922	2.1271	43.4418	20.5166	2.8347	3.7199	4.0864	0.4505	223.1463	2.662	1.4052	1.8293
TCGA-SI-AA8B-01A	21.452	6.3924	12.3314	11.0175	7.9958	1.0883	48.8001	6.4056	5.9886	7.797	8.6392	7.8656	37.5145	2.6609	36.7546	3.7117	8.9368	15.3755	1.795	26.2755	0.6417	0.4349
TCGA-3B-A9HT-01A	0.7213	10.005	4.1136	0.5768	3.2743	1.4682	4.7621	1.1824	2.767	1.1098	2.4402	2.8496	0.8073	1.084	4.6471	0.7521	4.6783	1.0265	2.3072	1.537	1.0478	0.0
TCGA-KD-A5QT-01A	12.472	19.2532	7.6561	0.0	0.4538	26.8293	7.2629	0.0	1.6715	0.8477	4.6828	0.0	54.5137	0.0	1.6934	5.4504	9.7401	0.8087	1.934	0.0	5.7701	14.8148
TCGA-Z4-A8JB-01A	0.0	0.0	0.0	0.0	4.9615	0.0	1.2861	0.0	0.0	0.0	0.8079	0.0	0.0	0.0	0.0	0.0	0.0	0.0	0.0	0.0	0.0	0.0
TCGA-DX-A1KZ-01A	9.0681	95.8457	7.5088	1.5998	243.6334	179.8054	0.0	89.9565	120.2922	79.5241	4.2959	674.4113	1.9381	4.7756	1.8998	0.0	3.9071	0.0	34.8853	19.334	0.0	0.0
TCGA-DX-A6BH-01A	144.9155	1.54	2.7701	0.0	8.0273	360.269	578.0218	0.0	0.0	1.2864	0.8884	343.3627	0.0	0.0	0.0	12.4716	0.0	1.9783	1.2478	0.0	2.7497	0.0
TCGA-DX-A1KY-01A	108.5602	40.7968	158.1255	94.4687	4.2624	11.0081	50.639	60.6155	15.9506	3.9946	6.8677	83.5636	48.0056	3.0374	17.7439	3.2131	29.8628	58.3243	36.354	2.6376	3.7047	3.0752
TCGA-DX-A2IZ-01A	115.7156	3.4896	0.9144	14.5293	416.1926	1.1787	6.2208	3.3554	1.4499	2.8758	0.0	1061.2525	0.0	120.9519	18.6538	1.5405	0.0	1.6739	0.0	0.7783	4.4001	6.4036
TCGA-DX-A8BT-01A	4.9615	2.904	6.6274	3.0199	11.9537	3.2283	31.0151	8.8644	4.1349	30.327	7.9409	0.0	0.5815	69.3144	14.1989	7.7343	6.7035	5.6693	12.2812	0.826	1.1722	3.2625
TCGA-MB-A5Y8-01A	18.3539	10.7284	5.2158	4.0823	1.6304	6.9309	7.8761	4.13	11.0867	6.7353	4.4203	3.1148	0.5836	5.2719	1.1104	0.8722	8.7172	3.1278	0.6829	14.6146	6.3481	7.1207
TCGA-QQ-A5VB-01A	15.0655	9.917	4.31	7.7531	4.7095	11.477	1.4295	22.9786	18.9255	1.6558	3.6245	10.7854	2.397	8.9725	1.3565	9.9871	5.7198	5.8061	8.7377	9.5303	3.2101	6.2368
TCGA-IS-A3KA-01A	17.0991	29.834	0.4632	19.577	1.443	64.3039	9.6602	9.1767	2.5442	3.3615	10.2126	2.8142	2.2415	0.6153	3.5024	3.355	7.9625	0.3153	4.3366	2.1715	1.6283	3.0865
