sample_id	1	2	3	4	5	6	7	8	9	10	11	12	13	14	15	16	17	18	19	20	21	22
TCGA-WK-A8XT-01A-11D-A37B-01	0.4336	0	0.4526	0	0	0	0	0	0	0	0	0	0	0	0	0	0	0	0	0	0	0
TCGA-IE-A4EJ-01A-11D-A24M-01	5.889	2.768	7.5283	43.3061	37.5822	17.7042	25.9116	7.5274	0	1.294	15.7275	6.6114	0	3.617	12.3094	0.9871	0.4543	0.5667	1.8164	15.7061	7.2405	0.3519
TCGA-DX-A6YV-01A-12D-A350-01	44.6019	18.2857	4.8629	4.1485	0	19.193	2.4292	0	17.9031	6.1547	25.5049	4.7675	2.44	3.2398	0	2.106	34.0553	0	8.6925	1.1451	9.5407	0
TCGA-SG-A6Z7-01A-12D-A32H-01	127.6849	26.0238	1.0769	1.1597	8.0161	65.3749	51.0779	100.6905	1.0681	6.1583	9.2157	602.3411	0	0.8764	0	0	5.8811	0	3.9923	2.3702	31.6286	0.4492
TCGA-X6-A7WD-01A-21D-A350-01	0	2.2389	1.0097	2.9875	4.9026	0	0.2822	3.0782	1.1617	14.8149	1.7154	1.6065	0	0	0.9361	0.2689	16.6166	3.7043	0.2918	0	0	0
TCGA-JV-A5VE-01A-11D-A29M-01	12.9738	6.8568	1.4482	32.3584	5.2634	0	2.7273	18.5113	4.112	1.3843	4.6646	14.7379	9.1003	1.6742	0	0.8251	4.2007	13.972	0.2611	2.6758	0	0.4091
TCGA-HS-A5N8-01A-11D-A26F-01	14.6248	4.8178	5.9159	4.03	8.0142	4.4236	1.5858	14.2651	0	13.7164	13.0784	11.3283	2.3323	0	1.6947	0	16.3108	1.6068	17.3304	1.3536	4.5074	2.0929
TCGA-DX-AB2G-01A-11D-A38Y-01	0	0.5775	46.4459	0	21.4059	126.7633	0	0	0	0	7.604	749.0512	0	0	0	0	0	14.836	0	0	0	0
TCGA-MJ-A68H-01A-11D-A306-01	4.8709	6.4867	11.3746	18.3098	8.0473	0	0	2.8828	0	0	0.3913	0	2.8582	9.9085	0.9345	14.0322	0	3.5083	12.8214	0	1.6503	6.029
TCGA-LI-A9QH-01A-11D-A37B-01	5.012	0.5158	34.6074	1.0652	5.3382	22.7156	14.7659	5.1632	14.163	0.9113	20.0649	0.5347	13.0873	2.6239	11.3098	0	27.807	19.1551	25.6677	1.832	0.6718	4.7237
TCGA-DX-A7EI-01A-11D-A33D-01	214.441	14.2414	0	16.9583	77.366	46.7102	13.4478	12.5848	8.673	0	7.4355	817.0828	0	19.548	29.9745	7.7486	0	0	68.6783	40.5441	2.7849	1.6164
TCGA-DX-AB3C-01A-11D-A416-01	1.0791	0	0	0	6.048	0	0	0	0	0	0	1.0462	0	0	0	0.9903	0	0	0	0.3705	0	0
TCGA-WK-A8XO-01A-11D-A37B-01	148.4132	32.6148	0.6753	65.8019	1.7872	5.5583	8.9249	0	14.2594	4.4473	6.3635	1391.0056	0	0.8208	0	0	0	6.595	10.1212	0	0	2.755
TCGA-FX-A3NK-01A-11D-A21P-01	3.7243	0	1.8025	6.2137	0	403.5143	0	18.497	0.5256	0	9.9898	746.6339	28.2606	0	18.7739	0	0	0	83.4697	2.5549	0	3.1067
TCGA-DX-A7EO-01A-11D-A36I-01	0	0	0	0	0	0	0	0	0	0	0.6252	0	0	0	0	0	0	0	0	0	0	0
TCGA-PC-A5DL-01A-11D-A26F-01	0	0.4935	0	1.5954	0	2.193	2.0351	1.0052	0	0	0	1.9292	0.5408	0	0.5266	0	5.6044	0.6664	0	0.5454	1.4942	0.5784
TCGA-SI-A71O-01A-12D-A33D-01	23.5625	3.1874	24.1261	17.4396	15.2463	12.3631	27.8515	58.5232	3.6483	0	10.037	9.9009	17.2057	18.8411	2.8557	7.3474	3.094	9.9717	30.9444	18.0861	0	8.3407
TCGA-DX-A8BJ-01A-11D-A416-01	28.3482	14.5644	0	39.7032	0.9481	1.4213	21.6851	74.6732	1.6716	0	10.5439	35.2478	0	5.9589	0	0	5.5313	0	31.7454	0	0	1.2297
TCGA-DX-A8BP-01A-11D-A37B-01	4.6012	11.5325	6.5929	0	35.4867	0	7.9765	2.1288	4.879	0	0.3291	0	2.45	0	0	0	0	0	1.9721	5.0407	0	0
TCGA-DX-AB2F-01A-11D-A386-01	2.2286	88.3341	1.5477	0.8103	1.1288	210.1735	1.7588	4.9258	3.7097	0.3568	6.5635	976.6503	6.0225	2.8645	7.7821	0	0	2.6112	6.3891	26.0865	0.26	12.274
TCGA-3B-A9HR-01A-11D-A386-01	0	0	87.2059	4.6689	20.8903	15.5413	13.845	0	10.2325	0	8.3582	0	1.1296	6.8339	9.7403	0	21.3822	9.8468	3.3918	9.2507	0.5474	0
TCGA-DX-A7EN-01A-11D-A38Y-01	4.709	0	4.9716	5.1615	13.9912	5.3385	0.3561	3.1465	0.5566	2.3924	2.1428	4.8031	0.6125	6.4074	1.135	1.7665	0.5912	0.823	0.6684	1.1589	1.2735	0.6097
TCGA-FX-A2QS-01A-11D-A21P-01	155.8705	75.5228	41.5582	64.7661	152.983	123.7549	267.6094	22.0391	73.0719	9.4163	70.7334	759.7333	3.5613	14.596	8.6653	14.9373	97.1077	7.5933	87.8474	17.8696	8.2719	15.4989
TCGA-FX-A3RE-01A-11D-A227-01	0.8867	5.7428	1.0314	4.9495	1.1068	0	22.5225	0.7639	0.268	0	0.2864	6.4061	0.2618	0	0.7785	0	19.0735	2.9393	7.8931	0.8231	3.5736	0
TCGA-QQ-A5VA-01A-12D-A32H-01	1.0475	0	9.8775	18.4418	22.6432	1.8435	96.3429	61.6848	6.2536	1.2923	39.8338	2.0837	0.8426	10.5087	26.5279	0	3.9271	3.4315	0	0.4252	0	0.7982
TCGA-QQ-A5VD-01A-21D-A32H-01	0	0	0	1.0607	0.3913	0	0	0	0	0	0	0	0	0	0.5303	0	0.5885	0	0	0.3027	0	0
TCGA-3B-A9HO-01A-11D-A386-01	95.1847	0	0	0	126.8012	0	0	95.6633	0	0	0	1431.0368	0	0	6.5273	0	0	0	26.2579	11.6196	139.4474	43.9132
TCGA-DX-A8BU-01A-11D-A37B-01	23.9179	13.1173	14.3745	22.8735	18.4708	93.5395	16.9851	4.3701	17.4372	0.6487	2.373	0	12.3821	0.4755	0.5533	0	3.7516	27.9218	45.8183	21.007	0	7.9511
TCGA-DX-A6YX-01A-11D-A416-01	16.349	3.2119	11.4061	0	2.0039	3.3226	18.6553	98.4016	0	0.8505	18.7258	17.262	0	5.1388	7.4216	0	10.7672	6.5644	0	6.1531	0	2.6609
TCGA-DX-A8BX-01A-11D-A37B-01	0	7.1788	0	0	3.9521	4.1711	25.884	21.6659	4.2553	0	0	24.4641	0	0.5999	6.0576	0	0.8444	0	1.657	0.6277	0	0
TCGA-DX-A48L-01A-11D-A306-01	4.9711	46.2711	1.347	0	11.4389	0	3.4844	1.4716	1.0981	0.3659	8.4419	3.8978	19.0459	3.79	4.3951	0.2828	70.3418	14.5319	1.4554	2.7176	0	0
TCGA-DX-A8BZ-01A-11D-A37B-01	1.3069	18.5539	0.2554	0	0	0.2507	0.8253	0	0	0	0.8254	0.6057	0	1.1604	0	0	0	21.2792	0	0	0	0.255
TCGA-VT-AB3D-01A-12D-A416-01	11.1282	0	54.7398	4.7555	1.1505	66.2456	0	1.3895	10.8464	0	0	3.0335	4.0475	0	0	0	0	0.2675	19.3545	0	0	1.5433
TCGA-DX-AB2S-01A-11D-A38Y-01	58.5159	0	0	0	0	0.5959	2.6184	0.8963	0	0	0	256.7048	0	0	0	0	0	0	0	0	0	0.7917
TCGA-DX-AB2O-01A-12D-A38Y-01	204.5904	157.8499	109.7307	169.7143	18.2627	17.4565	21.7956	120.6622	33.0875	39.7491	22.9046	30.2433	6.2523	32.6734	0.7342	12.6831	10.3559	30.5477	2.8933	0	0	0
TCGA-MO-A47P-01A-11D-A24M-01	0.591	0	0	0	0	0	0	0	0	0	0	0	0	0	0	0	2.8595	0	0	0	0	0
TCGA-DX-A23T-01A-11D-A26F-01	9.2596	7.4312	0	0	81.4955	197.8917	38.2266	227.7477	1.0281	8.3219	265.7549	219.0356	15.1063	4.3367	0	1.4762	0	0	0	1.1396	19.238	0
TCGA-X6-A7WA-01A-12D-A350-01	0.884	0	0	0.811	0	0	0	0	0	0.5733	0.7266	0	0	0	0	0	3.1845	0	0	0	0	3.0974
TCGA-DX-A6B7-01A-11D-A306-01	0.5237	0	0	4.1522	3.1996	0	0	2.4082	1.594	0	0	0.2512	2.7886	0.4811	0	0.5036	0.7806	0	2.7969	5.5451	0	0.2659
TCGA-DX-A1KX-01A-22D-A24M-01	1.4807	15.6843	3.4366	35.0991	41.582	62.5774	115.8009	0.2581	25.769	4.5455	60.0938	15.5649	0	5.867	30.2482	4.308	0.4083	4.0605	36.6198	72.3221	62.0677	9.1836
TCGA-DX-AB35-01A-21D-A416-01	16.5207	21.2443	2.4982	11.2051	4.8965	14.4298	23.9016	24.9051	10.1338	29.9933	21.7643	389.86	0	0	17.4525	0	60.7242	32.2938	0.4151	1.3247	3.1434	0
TCGA-K1-A3PO-01A-11D-A21P-01	0	0	0	0	0	0	0	0	0	0	0	0	0.7806	0	0	0	0	0	0	0	0	0
TCGA-IW-A3M5-01A-22D-A21P-01	13.2682	28.8609	40.9273	0.4998	9.3699	25.7158	6.156	14.6483	1.2864	10.4744	0.6848	10.132	1.8882	6.4588	9.6641	3.8359	0.6255	4.2939	15.3894	22.333	0.2564	0
TCGA-QQ-A5VC-01A-31D-A32H-01	20.0986	12.6711	1.4094	15.4017	18.5295	82.1064	14.131	45.7846	30.4997	0.4093	40.8205	16.0831	0.6317	18.4364	12.3669	0.66	6.6175	4.7897	3.8078	2.5567	23.155	0
TCGA-DX-AB2W-01A-11D-A38Y-01	19.2264	20.6161	22.8727	16.1148	16.8521	0.9507	9.0903	18.1049	9.5498	5.1314	15.9849	73.1015	0	3.2865	46.0975	0.8571	0.2855	5.2394	2.8877	31.3922	81.3132	3.21
TCGA-FX-A48G-01A-11D-A24M-01	6.5367	7.4031	8.9458	4.6888	2.6314	4.7485	6.6067	6.0654	38.0122	10.5429	6.1349	16.3632	1.3368	2.0391	5.1619	1.4628	17.6484	0.252	3.0697	23.2183	1.2377	0.4589
TCGA-Z4-AAPG-01A-11D-A38Y-01	7.224	9.7737	1.7874	24.0949	17.0263	0	15.4901	11.4245	13.4976	3.4788	1.0784	7.7177	4.9127	9.121	14.275	7.9038	5.5436	2.8153	9.656	6.3548	0.7059	1.6822
TCGA-DX-A48J-01A-21D-A306-01	4.2758	0	0.8359	0	0	0	0	0	2.6648	0.5589	0	2.3487	0	0	0	0	0	0	0.6562	0	0	0
TCGA-K1-A3PN-01A-11D-A227-01	0	0	0	0	0.9031	0	0	0	0.3185	0	0	2.3802	0	0	0.6052	2.3968	37.599	0	0.2738	0	0	0
TCGA-QQ-A8VD-01A-42D-A38Y-01	0	0	0	0	0	0	0	0	0	0	1.0283	0	0	0	0	2.9964	0	0	0	0	0	0
TCGA-DX-A48P-01A-11D-A306-01	0.2683	0	7.7603	0	0.3626	4.4491	0	0	0	0	0.5183	0	0	0	0	0.5726	0.2581	0	1.1551	42.8527	0	0.723
TCGA-PC-A5DN-01A-12D-A27O-01	2.7272	0	0	0	0	328.4086	1.3399	0	0	0	4.4023	1101.8623	0	0	0	0	2.3238	0	0	0	2.2969	0
TCGA-DX-A1L3-01A-11D-A24M-01	163.6976	0	0	0	58.089	25.8745	0	0	0	0	0	459.5017	0.6141	0	29.8089	0	0	48.3937	35.6257	0	0	0
TCGA-DX-AB36-01A-11D-A416-01	159.089	0	7.313	12.2023	9.1537	0	0	2.1612	29.2028	0	244.5022	730.173	0	0	0	0	0	87.9995	2.1264	0	0	0
TCGA-DX-A48R-01A-11D-A306-01	2.1766	1.173	17.2262	0	3.2006	1.4274	4.761	2.8322	0.8274	3.8577	1.7778	1.3189	2.5169	2.33	0	0	97.0357	1.4267	16.9082	0.9192	0.2576	0
TCGA-FX-A76Y-01A-11D-A350-01	2.2808	0	0	0	0	0	0	0	0	1.3132	0.9166	0	1.9035	0	0	0.2968	0	0	0.3184	0	0	0
TCGA-K1-A42X-01A-11D-A24M-01	10.4988	1.8301	0.8388	0	0	1.178	6.6583	0.8264	0	0.5369	14.2626	1.3811	1.5254	1.7584	0	0.2655	4.7853	0	9.9091	2.2597	0.2651	1.1933
TCGA-DX-A1L4-01A-12D-A26F-01	0	0	0	0	0	78.5461	0	0.8618	0	15.5412	0	486.157	0	0	9.2682	0	1.3167	0	0	7.7886	21.578	0
TCGA-K1-A42W-01A-11D-A24M-01	18.8509	0	7.7635	0	47.2492	0	0	0	0	2.964	0	3.6229	0	0	4.366	0	0	0	4.2615	2.8837	0	0
TCGA-X6-A7WC-01A-12D-A350-01	161.5217	5.2185	21.3431	18.5957	64.0033	1.3098	17.3372	18.9255	2.3261	0.5268	8.9248	6.4957	0	45.7389	7.3272	1.3469	37.3649	2.8992	19.2873	12.8743	1.9957	0
TCGA-DX-A2J4-01A-32D-A21P-01	5.5887	0	0	0	0	0	0	0	0	0	0	721.7816	0	13.0616	14.428	2.0994	2.4599	19.8127	92.3929	0	4.8559	2.9978
TCGA-MO-A47R-01A-11D-A24M-01	0	4.3434	0.6577	0.6072	0.6201	0	0.6148	1.9216	0	0	0	5.6878	0	0	0	3.3139	4.099	1.2285	1.0034	0	0	0.6228
TCGA-IW-A3M4-01A-11D-A21P-01	0.2595	0	0	0.5215	0.2659	0	0	0.2872	0	0.8953	0.3235	0.2661	0	0	0.5438	0.2743	2.6384	0	0.2528	4.1703	0.2514	0.2831
TCGA-HB-A43Z-01A-11D-A24M-01	20.069	5.9466	13.4752	4.3513	5.4027	4.8422	13.7846	8.6407	0.2773	3.5667	4.3613	12.3484	27.4097	3.8099	14.5739	1.5203	12.287	68.2259	0.7574	2.1358	24.5629	2.8536
TCGA-DX-A6B9-01A-12D-A32H-01	0	0	0	0	0	0	0	0	0	0	2.6258	0	1.8364	0	0	0	0	7.5296	11.9914	0	0	0
TCGA-WK-A8XY-01A-11D-A37B-01	12.2646	1.9135	7.9202	9.7958	1.0357	2.6292	6.6861	1.0085	3.087	0.4589	5.3219	6.5654	0	3.1669	2.2116	0.8328	8.5051	1.5084	2.9089	2.3514	0.4817	1.9772
TCGA-3B-A9HY-01A-11D-A38Y-01	0.4517	7.4799	0.9974	0	2.4058	2.5878	0	0.5161	0	0	1.0797	0	0.4767	0	0	1.047	12.0143	0	1.1562	0.534	0	0.9298
TCGA-DX-A7ER-01A-11D-A36I-01	0	0	0	0	0	0	0	0	0	0	0	0	0	0	0	0	0	0	0	0	0	0.8292
TCGA-DX-A7ER-01A-11D-A40C-01	0	0	0	0	0	0	0	0	0	0	0	0	0	0	0	0	0	0	0	0	0	0.8292
TCGA-DX-A23U-01A-11D-A26F-01	784.3026	0	0	0	0	0	23.4234	0	0	7.508	0	0	0	0	25.0567	0	0	0	0	0	10.963	0
TCGA-Z4-AAPF-01A-11D-A38Y-01	0	13.1953	0	6.4062	0	0	2.0407	0.8313	5.8562	4.3689	0.3753	12.653	2.3985	0	0	0	0	3.3675	0	0	0	0
TCGA-QQ-A5VB-01A-11D-A36I-01	9.2925	6.5622	3.5946	7.2876	0	9.0702	0.9212	20.4053	11.9378	0	0	5.923	0.6253	7.4935	0	8.0365	1.7637	2.8413	6.6192	6.2087	1.2022	6.2368
TCGA-DX-AB2H-01A-11D-A38Y-01	238.9246	32.5027	0	0.8457	0	0	9.015	0	0.9312	0	32.7372	944.5917	0	0	0	52.0168	0.329	0	0	0	0	0
TCGA-HB-A5W3-01A-11D-A29M-01	3.5501	1.1948	0	1.2362	21.7518	1.1646	2.6249	1.8006	0.9918	0	2.8491	1.1652	0.2686	1.7842	1.335	1.1593	13.3428	0	2.409	2.5478	1.2822	1.1941
TCGA-DX-AB2Z-01A-11D-A386-01	10.6355	1.4481	19.6091	9.8422	8.8916	0	0.849	3.4024	6.1148	6.3236	0.496	1.8312	1.0041	21.1562	1.7855	0	1.6614	22.2277	0	4.9242	3.6311	0.7677
TCGA-DX-A6BE-01A-41D-A32H-01	70.501	0	0	0	62.799	0	0	47.1844	214.4424	3.8341	0	573.8179	0	33.1355	0	9.0047	11.7482	5.3966	7.008	0	0	0
TCGA-DX-A6YR-01A-33D-A350-01	11.1701	5.243	2.5563	21.7455	10.3901	16.8568	28.4004	19.3472	26.2685	16.7954	47.9123	2.5748	27.7866	3.9252	1.3076	0	8.8384	8.8525	36.387	15.9273	45.2221	15.486
TCGA-DX-AB2L-01A-32D-A416-01	0	0	0	0	0	0	0	0	0	3.295	0	0	0	0	0	1.8185	0	0	0	1.1156	0.8831	0
TCGA-DX-A3U9-01A-11D-A306-01	4.7827	0	2.3826	0	14.6268	5.038	2.8092	7.1151	6.311	7.2928	0	0.5068	9.346	1.236	3.1401	0.572	0	1.8366	6.7249	0.2868	3.6129	0
TCGA-DX-A1KW-01A-22D-A24M-01	0	6.4176	3.1195	0.4299	136.2524	4.6653	5.7516	13.8215	5.6737	1.2848	0	1014.5369	2.9526	0	2.6512	11.5741	1.9845	5.4869	11.108	6.3327	1.3971	0
TCGA-DX-A8BK-01A-11D-A37B-01	8.7538	1.6692	31.8469	9.2604	86.4604	4.3164	1.1669	5.604	17.5589	0.5642	3.7732	3.1792	8.2957	0	19.2002	8.5583	10.1187	2.3236	7.0211	9.0583	0.4844	0
TCGA-DX-A8BG-01A-12D-A416-01	43.4111	25.6416	1.4547	3.9532	0.9704	5.1631	7.7983	1.3133	5.6701	0	4.2689	1.3624	4.0341	20.6311	22.4966	7.9275	11.531	26.004	7.6208	2.4889	1.1635	0
TCGA-DX-A6BB-01A-12D-A32H-01	7.2882	0	2.3775	0.4724	0	0	11.165	0	4.4193	0	0.6588	0	9.1879	0.514	0	0	1.8076	0	0	4.1104	0.6284	1.897
TCGA-DX-A6YQ-01A-12D-A33D-01	20.2981	11.5465	9.2286	15.8018	6.5887	25.8266	7.2044	0.6212	4.842	0	5.0179	11.0023	0	0.9102	0	2.5923	32.4254	0	19.967	29.2649	0.395	6.7256
TCGA-DX-A7EL-01A-12D-A36I-01	0	0	1.3364	10.7921	7.3432	0	0	0	0	0	0.8227	0	0	4.6409	0	0	3.0721	0	1.0724	0	0	0
TCGA-DX-A7EL-01A-12D-A40C-01	0	0	1.3364	10.7921	7.3432	0	0	0	0	0	0.8227	0	0	4.6409	0	0	3.0721	0	1.0724	0	0	0
TCGA-IE-A3OV-01A-11D-A227-01	8.0699	10.9285	5.7164	0.5626	2.7399	4.4683	0	8.2525	4.0718	0	0	1.73	1.8886	3.9213	0	7.1065	6.5723	3.4213	8.0869	2.6525	0.912	2.9181
TCGA-DX-A8BO-01A-11D-A416-01	2.9231	13.1165	3.9069	5.6637	0.4951	5.2675	5.2641	8.4255	7.6309	0	9.6978	4.4045	0	1.499	1.933	1.0144	8.5979	7.1693	0.9314	3.3205	0	5.1163
TCGA-UE-A6QT-01A-12D-A32H-01	0	0	0	1.2481	1.0545	0	0	2.9252	0	0	1.3966	0	0	0	0	0	1.5719	0	0.3571	0	0	0
TCGA-IF-A4AJ-01A-11D-A24M-01	6.7994	2.2604	1.5084	0.6777	0.6355	0	0	10.7653	0.6301	0	0.6377	0.664	0	0.6452	2.3663	0.609	1.2538	2.5556	0.5078	3.1783	0.4392	0
TCGA-DX-AB32-01A-11D-A416-01	3.3203	2.4205	129.5924	11.1183	7.09	13.4856	5.7918	2.2222	2.5425	2.7478	1.8978	7.7867	1.6624	0	0	4.5806	0.5158	5.9965	9.5717	1.0967	0	2.3772
TCGA-DX-A1KZ-01A-11D-A24M-01	0.936	95.8457	7.5088	1.5998	232.6756	176.9828	0	74.9367	118.2704	52.6949	0	673.0215	0	0	1.8998	0	1.645	0	34.8853	18.9999	0	0
TCGA-DX-A23Y-01A-11D-A27O-01	7.6501	4.0632	25.4282	6.1855	6.8141	481.0181	8.8676	27.6581	5.8114	0	0.9843	845.6597	2.2892	18.5671	8.1954	24.3156	3.2568	0.8861	13.896	0.5179	0	0
TCGA-SG-A849-01A-11D-A350-01	10.9905	0	5.6659	5.0862	2.5375	0.2872	8.6362	13.4473	3.6642	0.6299	0	0	0	7.6595	2.1174	0	1.4681	2.8674	0.8686	0	0	0.8226
TCGA-X6-A8C4-01A-11D-A36I-01	29.8636	14.7609	1.7946	9.4558	28.9553	8.9587	11.8267	16.5761	28.6428	0	8.1302	13.1837	0	1.41	4.8703	0.6023	14.0865	3.9126	0	0	2.3061	3.2517
TCGA-DX-A7EF-01A-11D-A33D-01	18.8365	16.7375	21.8864	6.8607	162.9284	9.4453	268.0895	17.2773	14.351	0.7241	16.63	4.2685	3.9924	9.0435	24.4272	14.092	6.8769	18.5309	1.6008	6.5011	3.1282	0
TCGA-IE-A6BZ-01A-11D-A306-01	5.1577	0	2.8511	12.0346	1.2708	107.3724	29.4631	12.5935	2.5213	2.4401	0.338	4.3695	0.3835	0.6777	6.3285	0	9.8394	12.8173	25.4429	7.2219	0.2815	0
TCGA-3B-A9HZ-01A-11D-A38Y-01	1.0285	0	1.1262	0	0	6.0268	0	0	0	0.8097	0	0	0	0	7.1179	0	2.4244	0	0	0	0	0
TCGA-DX-A6BG-01A-11D-A306-01	237.8473	52.7236	26.2058	3.4227	215.4956	0	0	0	0	16.2594	0	736.4406	0	5.3094	25.1682	30.0858	3.6726	9.1403	2.7325	122.5422	0	0
TCGA-X6-A8C3-01A-11D-A36I-01	0.7317	5.1292	4.5478	2.1645	2.377	0.945	19.2026	13.5841	6.9901	0.3025	26.3667	14.1228	1.17	1.3518	3.4725	0.6999	3.5863	8.3866	7.0018	7.9642	0	2.9456
TCGA-DX-A3UF-01A-11D-A306-01	6.207	13.1121	14.3078	6.5768	17.1739	7.9277	7.4398	14.1794	7.5025	0	0.9637	2.0811	0	4.4841	6.1774	0	0.7275	0	2.5464	1.1216	3.5771	0
TCGA-DX-AB2X-01A-11D-A386-01	31.6208	29.2703	53.8413	3.4285	0	0.5003	44.1116	65.1413	22.046	9.1117	7.2988	15.9948	0	0	0	5.7284	11.5547	0	0	0	4.422	3.2974
TCGA-3B-A9HT-01A-11D-A38Y-01	0	1.2099	0	0.5768	2.2538	0	0	0	0	0	0	0	0	0	0	0	0	0	0	0	0	0
TCGA-QC-A6FX-01A-11D-A32H-01	8.7392	9.6204	11.9146	20.7565	6.8485	128.0696	52.1233	0	8.1065	6.9203	0	4.252	0	55.2249	4.2499	15.5314	2.7569	9.3392	56.2658	68.4921	6.8625	5.7092
TCGA-DX-A3U8-01A-11D-A29M-01	0	0	0.924	0	0.3116	0	0	0.31	0	0.6425	0	0	0	0	0	0	0	0	0	0	0	0
TCGA-DX-A3LW-01A-21D-A21P-01	42.389	0	1.2506	297.0569	3.3625	0.4592	1.2927	0	4.2014	0	0	473.7663	0.306	1.4359	0	0	0	1.819	4.1413	3.692	0.254	0
TCGA-SI-A71P-01A-12D-A33D-01	0	0	0.7902	0	4.3326	3.9286	0.5039	0	0.5187	0	0	0	0	1.8568	0	6.8622	0.2733	0	0.7962	0	0	0
TCGA-FX-A8OO-01A-11D-A36I-01	1.7978	0	0	0	0	0	0	0	0	0	0	0	0	0	0.7864	0	0	0	0.748	0	0	0
TCGA-DX-A7ES-01A-31D-A38Y-01	3.3436	2.8085	0	5.4333	0	59.0393	0	0.7046	45.0298	0	0	395.6343	0	0	0	0	0	0	26.5445	2.8733	0	14.9806
TCGA-PC-A5DO-01A-11D-A26F-01	20.7496	33.8596	10.0214	12.7342	10.0246	5.1874	3.6861	2.8244	0	9.7586	2.9869	4.1347	0.286	11.1209	6.8737	0.6569	20.3125	22.7224	5.3107	2.3827	3.7641	2.1122
TCGA-MB-A8JK-01A-11D-A36I-01	21.7625	20.1344	18.9271	1.757	0.5615	7.3584	2.4331	3.5432	13.2096	8.9719	1.4878	14.1012	7.004	0	5.661	4.4299	8.3261	1.8094	15.6064	5.8718	2.5457	0
TCGA-DX-A3U5-01A-11D-A227-01	0.7066	3.7538	2.7177	50.4397	9.3231	151.7195	10.1115	6.0543	8.3233	6.4913	11.074	999.3382	2.3219	0	0	12.7614	21.695	1.1782	4.8627	2.4232	0	0
TCGA-KD-A5QS-01A-11D-A27O-01	39.7891	14.9966	31.3363	4.0686	23.4302	7.29	4.5555	13.1165	24.7264	6.6883	5.5237	0.8825	28.2502	0.7524	6.2372	8.3367	32.1755	18.7405	4.598	14.2241	13.7154	1.2239
TCGA-HS-A5NA-01A-11D-A26F-01	39.0466	12.1455	0	0.2677	0	0.359	8.4606	1.1937	0	0	1.8241	0.2564	10.0734	3.0228	3.7521	0	0.5819	0	2.4541	0.3211	6.0105	2.0449
TCGA-UE-A6QU-01A-12D-A32H-01	5.7967	5.349	36.4566	20.2645	67.1031	2.6206	4.778	10.8903	14.3179	1.8565	9.8448	4.619	0.4197	2.7205	0.6215	0	6.3573	2.7759	4.7154	12.5791	3.4024	0.5133
TCGA-DX-A6YT-01A-21D-A350-01	23.0853	0	12.971	12.4476	8.7806	8.2637	10.2437	7.3328	24.9088	9.8472	8.8294	12.6428	0	21.7298	16.8717	2.6102	47.3126	0	5.9174	2.9951	3.6039	1.0689
TCGA-JV-A5VF-01A-11D-A29M-01	18.4889	0	5.1282	4.6179	10.6656	14.417	8.7628	13.7511	7.9824	9.2258	0	0.2525	0	0	0.363	0.6933	3.3304	0	2.1218	0	1.9425	0
TCGA-DX-AB2J-01A-11D-A386-01	0.5835	0	0	0	0	0	0	0	0	5.7002	0	25.086	0	0	0	0	0	0	0	2.2389	0	0
TCGA-SI-AA8B-01A-11D-A386-01	10.7013	0	8.6889	11.0175	6.7911	1.0883	43.4144	2.8817	0	1.2591	0	0.2953	7.6229	0	36.7546	1.2065	3.291	9.6818	0	19.1655	0	0
TCGA-DX-A48N-01A-11D-A306-01	154.7001	10.3668	9.2781	29.8722	0	94.3576	4.4326	41.4476	140.9025	0.2887	3.6804	668.6023	1.8815	5.9939	0	3.8991	9.2435	6.1186	67.3751	10.1414	0	4.3458
TCGA-DX-A3LU-01A-11D-A21P-01	56.1113	0	31.8536	2.8855	19.6315	325.1234	0	5.1919	30.379	0	0	372.4755	0	0	0	0	0	0	0	0	1.5791	0
TCGA-DX-AATS-01A-12D-A416-01	19.1931	64.5641	22.9102	19.0017	89.8602	169.701	77.4418	0.2529	132.8727	0	2.1841	28.0339	0	0	5.8992	7.0606	3.2671	113.4391	30.4289	23.0428	1.8256	0
TCGA-HB-A3YV-01A-11D-A24M-01	83.0193	7.6979	1.8474	171.7201	24.3865	724.9033	54.7125	4.9287	19.463	0.3293	11.3127	457.1314	22.5502	4.2322	3.0079	0	11.0685	24.7185	12.6716	15.7246	2.1993	3.6393
TCGA-QQ-A5V2-01A-11D-A32H-01	0	0	0	1.3288	0	0.7517	0	0	0	0	0	0	0	0	0	0	0	0	0	0	0	0
TCGA-QQ-A5V9-01A-11D-A32H-01	0	0.2603	51.6674	1.8828	25.0807	10.4225	23.5328	2.8322	25.5358	0	0.5945	0.5873	0	2.6222	0	2.374	0.5238	5.1303	3.3887	15.9193	61.4459	0.594
TCGA-DX-AB3A-01A-11D-A416-01	320.0792	51.9836	48.1403	19.0162	268.0098	19.5226	12.3311	10.3109	0	2.4012	23.2553	598.2604	0	0	0	2.9413	143.8993	19.1415	21.5181	35.7333	1.5661	0.8257
TCGA-DX-A6YS-01A-12D-A350-01	28.1743	5.2829	2.3946	109.7412	77.9599	100.4653	151.0749	51.3871	3.1038	3.2606	25.1335	28.3098	0	4.76	21.952	1.6017	3.2917	8.9542	13.5398	9.3132	6.7685	1.0288
TCGA-MB-A8JL-01A-11D-A36I-01	0	0	0	0	0	0	0.288	0	0	0	5.6465	3.2911	0	7.1275	0	2.2015	0	0	0	0	0	0
TCGA-DX-A23V-01A-11D-A29M-01	167.9975	7.1097	0	0	0	0	9.8937	0	3.6627	4.9601	0.291	439.2396	27.1507	0	0	0.6408	0	0	0	0	0	0
TCGA-PC-A5DK-01A-11D-A27O-01	0	14.8246	0	11.1164	0	4.7848	0	0	0	0	0	0	0	0	0	0	0	0	0	5.5847	0	0
TCGA-QQ-A8VB-01A-11D-A37B-01	8.4914	7.3775	11.7002	5.3692	5.6747	0	10.5324	2.2368	0	0	0	2.5975	0	2.1864	0.3076	1.8515	6.3233	0.3177	7.5832	0	5.5068	0
TCGA-RN-AAAQ-01A-21D-A38Y-01	0	8.5706	0	5.1215	29.6152	0	42.6889	4.2527	0.3918	0	0	6.5931	4.1779	19.6239	0.3403	0	4.7351	0.7234	6.4389	8.7515	0	0
TCGA-X6-A8C5-01A-11D-A36I-01	0	1.1137	0	0	0.2861	0	0	0	0	0	0	0	9.4396	0	0	0	1.3952	0	0	0	0	0
TCGA-IS-A3K6-01A-11D-A21P-01	5.836	0	1.1407	0	3.8707	0	0	1.0761	0.5158	0	0	0.9465	0	0	0	0	1.2546	0	0.2593	0	0	0
TCGA-3B-A9HS-01A-11D-A38Y-01	20.4357	2.1576	1.7825	48.5369	137.5278	178.1722	0.9976	4.9841	4.5778	0	0	834.9836	0	29.8357	0	0.9388	13.0744	1.1486	99.4344	3.7369	9.6153	0.7508
TCGA-SI-A71Q-01A-12D-A33D-01	9.1398	14.7735	45.058	3.6079	25.0699	16.0275	53.3329	85.9948	0	0	15.4589	36.754	0	5.8474	13.0177	2.6944	2.6974	1.3207	7.6088	2.6286	1.5162	3.2915
TCGA-DX-A6YZ-01A-12D-A350-01	4.1095	11.4894	10.9895	9.4015	5.1531	27.746	9.1287	17.2163	5.2076	9.9889	4.9493	88.5072	0	0	69.2144	0.8304	68.4232	2.9451	4.1808	10.8541	1.8664	1.4689
TCGA-DX-A3U6-01A-11D-A29M-01	119.6664	0	26.8726	0	3.6371	26.7903	32.4395	0	14.005	0	1.3362	212.1983	0	3.8052	0	0	2.2436	0	0	26.3228	0	1.3734
TCGA-QQ-A8VF-01A-11D-A37B-01	0.9085	0	4.4608	0	12.7374	0.8993	66.641	4.6055	4.4813	0	0	14.8777	0	4.0017	11.5113	0	0	16.3296	48.0518	13.0985	1.6266	3.2665
TCGA-DX-A48K-01A-11D-A306-01	4.7462	3.4182	0	17.4401	1.8744	1.1894	0	1.1264	2.5919	0	3.7795	1.0675	11.5064	0	3.936	0	19.8568	0	44.16	0	5.4218	0.6248
TCGA-3B-A9HI-01A-11D-A386-01	23.4707	0.3669	2.1289	16.7663	16.9761	1.5445	2.3863	1.2677	29.8773	4.3719	74.1905	3.3199	17.3082	1.2575	0	0.2971	8.0475	0.8734	2.4768	10.9846	12.7907	0
TCGA-DX-AB2T-01A-11D-A386-01	18.9335	17.1346	1.8231	5.3332	3.3785	27.769	1.8338	6.5994	5.0078	3.0323	7.2582	2.5815	20.4793	9.9917	0	3.4264	9.9233	44.9748	0.9911	1.9158	0.9231	0
TCGA-DX-A8BT-01A-11D-A37B-01	0	0.3219	1.0791	0.4681	11.1558	0	27.2133	0	0	22.2144	0	0	0	65.1145	1.829	2.1053	0	0	11.3231	0	0	3.2625
TCGA-DX-A8BM-01A-11D-A416-01	19.9997	71.997	4.5659	13.1016	58.8575	45.459	48.2909	43.133	6.5735	38.4818	0	22.055	27.6186	2.9781	8.6986	3.2379	38.9135	11.3279	34.3737	15.3461	0.4974	0.7033
TCGA-DX-A2IZ-01A-11D-A21P-01	114.2818	0	0.9144	0	398.9855	0	0	3.3554	0	0	0	997.9321	0	119.4294	8.692	0	0	1.6739	0	0.7783	3.1256	0
TCGA-DX-AB2P-01A-11D-A386-01	7.8666	5.2115	1.0894	18.5755	18.3061	2.8179	0	12.0279	4.6423	0	0	0.8585	22.0592	12.899	2.0887	2.191	15.0086	1.1114	0.2677	13.5381	0	1.0153
TCGA-DX-A8BN-01A-11D-A37B-01	0	0.5382	4.9194	0	42.5196	50.2141	4.1017	5.8661	0	0	0.5603	0.8475	10.7164	0	6.5411	21.1039	3.7941	0	40.1054	0	0	0
TCGA-DX-A1KY-01A-11D-A24M-01	107.0615	33.2041	125.1085	74.1181	0.6139	4.0667	49.786	58.265	5.7318	0	1.8973	81.9132	32.4304	0.4138	17.7439	0	25.8821	32.9981	34.7835	2.6376	3.4368	3.0752
TCGA-3B-A9HP-01A-11D-A386-01	3.6411	5.9643	0	0	0	0	4.8705	9.0375	0	0	0	0	0	0	0	0	0	10.2542	2.223	0	0	0
TCGA-DX-A3M2-01A-21D-A227-01	11.6792	0.8042	0	1.4212	93.923	8.6398	32.2908	7.6994	3.6086	0.4861	1.9291	3.0841	0.4274	0	0	1.4182	13.0295	2.763	2.5692	0.684	3.0137	0
TCGA-K1-A6RU-01A-11D-A32H-01	11.5136	1.9729	0.7942	3.4291	6.6758	17.815	3.9923	0	93.3589	0	2.5629	2.999	1.0374	40.7697	0.345	2.237	4.0756	5.5628	1.2494	11.8228	3.2873	0.449
TCGA-FX-A3TO-01A-11D-A227-01	18.3982	7.2104	30.5365	7.0654	59.8459	18.2381	50.7811	4.117	77.7429	10.3981	85.4046	130.6112	0	14.4554	205.0268	0	112.1568	55.2124	11.0239	22.1625	1.5379	6.3911
TCGA-DX-AB2Q-01A-11D-A38Y-01	2.4879	8.3464	3.5686	18.8733	8.8821	5.4941	39.2051	124.0651	5.0963	22.9214	129.6238	8.6295	0	6.6969	10.0317	2.111	24.6623	2.1577	1.7292	27.8605	5.2608	12.4442
TCGA-VT-A80G-01A-11D-A36I-01	21.3091	50.3923	21.0859	114.5755	13.8579	13.8714	14.9666	11.9595	34.1784	2.1309	11.0834	10.3888	0	2.693	3.1402	1.4762	12.6778	5.6671	3.8855	19.1955	0.2736	7.5188
TCGA-DX-A3UC-01A-11D-A306-01	0	3.6712	0	0	0	0	1.0891	0	0	0	0	0	0	0	3.2047	0	6.873	0	4.563	0	0	0
TCGA-KF-A41W-01A-11D-A24M-01	11.1802	2.6444	1.1278	1.4804	17.3208	2.0382	0.2738	4.5881	2.2038	0.3316	4.2257	1.5911	28.772	2.0402	6.7773	0	3.0552	12.095	8.1202	4.3499	0.6788	0
TCGA-3B-A9I3-01A-11D-A38Y-01	3.9496	0.3346	1.213	3.7398	0	0	0	0	0	0	0.997	0	3.1548	0	0.3393	0	1.3229	0	0	0.2592	0	0.4434
TCGA-DX-A8BV-01A-11D-A37B-01	19.7428	1.1755	2.795	0.2728	25.1811	2.2041	0.6621	2.5135	13.4493	0	12.2152	3.7792	5.682	5.4129	0	0.2648	7.7781	3.0618	0.7491	5.1335	10.7996	3.2049
TCGA-QC-A7B5-01A-11D-A33D-01	10.5452	0	0	0	0	0	6.0625	0	0	0	0	0	0	0	0	2.2307	2.6056	0	3.4039	3.9139	0	0
TCGA-DX-A3LT-01A-12D-A21P-01	3.1283	1.4067	67.3051	0	46.6817	30.8769	4.5582	17.6099	0	15.2497	199.0551	1010.9781	0	0	0	0	0	0	131.8767	1.6327	0	31.1337
TCGA-IE-A4EI-01A-11D-A24M-01	4.4027	0	3.2828	0	2.9083	0	17.6447	0.5116	1.5646	0.5544	0	0	0	0	6.3701	0	0	2.9972	3.015	1.2766	0	0.3564
TCGA-QC-AA9N-01A-11D-A38Y-01	2.8716	9.1641	10.4425	5.1374	1.4788	2.6141	15.098	1.4729	12.8321	2.1206	2.7841	26.3664	26.2944	0.8278	0.5816	4.1496	12.0423	6.2331	3.5612	8.3308	69.679	0.2875
TCGA-X6-A7W8-01A-21D-A350-01	1.7197	10.8848	18.3805	9.8299	36.3132	4.4755	12.2249	40.3448	11.5477	7.5381	10.0981	3.9399	49.2239	19.3733	2.0742	4.0786	79.8175	18.8177	0	29.4989	19.1038	0
TCGA-WK-A8XX-01A-11D-A37B-01	10.7173	0	4.1625	7.6308	6.2241	11.968	0	5.9448	0	6.8749	0	0	1.7799	9.5501	0.3079	0	1.8726	2.6709	2.6732	2.0205	1.6625	0.2763
TCGA-DX-AB37-01A-11D-A416-01	9.6283	9.0157	268.2843	0	2.7116	0	12.1097	2.0052	10.7422	0	0.3359	451.5064	0.458	0.3193	0	7.006	16.0172	0	6.2614	0	0	0.842
TCGA-DX-A6BF-01A-11D-A306-01	122.2529	16.3516	4.136	12.2703	33.6495	0	2.8475	4.9527	4.7946	6.4887	0.5835	612.1365	3.7231	0	0	0	28.2577	1.2433	0.4671	0	3.3056	1.218
TCGA-X9-A973-01A-11D-A386-01	0	0	0	0	0	4.1868	12.2597	0	0	0	0	4.8249	5.3354	0	0	0	0	1.6324	3.26	0	0	0
TCGA-N1-A6IA-01A-12D-A32H-01	18.73	10.4823	0.2655	9.3076	13.8645	3.7039	0	4.0524	0.3494	0	0.7752	0.3436	3.2296	0.5635	0	0	13.5536	0	3.7093	3.7042	5.5775	0.3272
TCGA-FX-A3NJ-01A-11D-A21P-01	0	0	0	0	0	0	0	1.4396	0	0	0	0	0	0	0	0	0	0	0	0.6369	0	0
TCGA-DX-A8BR-01A-11D-A416-01	35.1093	0.7781	70.8315	273.021	0	2.3759	280.0312	0	0	33.5822	81.9355	0	7.0643	7.2315	0.8602	0	0	0	0	0	0.3377	2.1906
TCGA-IS-A3K7-01A-11D-A21P-01	9.8735	17.042	10.3382	10.5778	5.1213	8.0802	2.626	0	10.3206	0.9638	3.1076	61.2354	2.4337	1.2837	3.7421	4.6366	3.6148	0	0.2933	8.9213	0	0
TCGA-X2-A95T-01A-11D-A37B-01	4.2499	16.831	1.809	1.0928	10.4014	1.4087	4.4283	0	0.8705	0	0	0.3243	9.5412	12.9811	0	7.5353	8.8026	0.2906	7.5455	4.7575	0.5447	0
TCGA-DX-A7ET-01A-11D-A36I-01	4.4242	2.0178	0.8091	2.5745	30.6713	21.2006	4.0448	3.9648	22.1136	1.4649	0.27	1.3293	0	3.6408	5.8133	0	0	0	43.3349	1.1497	1.9788	3.7499
TCGA-IW-A3M6-01A-11D-A21P-01	5.0787	34.3051	3.2661	1.415	1.201	2.1734	0.8028	0.8795	1.375	0.8461	0	2.276	0	1.4234	0	0.5605	1.2678	2.0795	0.2655	0.8824	0.9635	0
TCGA-MB-A5YA-01A-11D-A29M-01	0	0	0	0	0	0	0	0	0	0	0	0	0	0	0.9703	3.1305	0	0	1.0327	0	1.9641	0
TCGA-DX-A48O-01A-11D-A306-01	19.9013	5.0631	1.8301	2.8	2.5297	4.3259	4.6802	4.0093	2.7601	1.2795	1.6611	2.554	1.2011	0	0.3463	1.5508	9.5552	3.4184	6.8279	1.4019	1.2799	2.1852
TCGA-DX-A8BL-01A-11D-A416-01	36.699	11.0674	66.4722	27.7286	16.4453	24.4863	0.8613	25.8647	8.802	11.6873	10.1314	20.4303	0	19.9818	4.9788	9.1485	4.0565	2.4047	51.2885	42.8337	2.0802	0
TCGA-MJ-A68J-01A-11D-A306-01	0	0	0	0	0	0	1.2537	1.9626	0	0	0	0	0	0	0	0	0	0.8759	0	0	0	0
TCGA-HB-A3L4-01A-11D-A21P-01	14.9928	0.7642	13.5494	12.3294	1.671	3.7057	0.8525	1.6156	180.1779	4.6024	1.3059	8.2802	5.4575	0.5956	1.149	0.9481	2.5125	2.4009	0	0.8524	2.1206	0
TCGA-DX-A6BH-01A-12D-A306-01	144.9155	0	0	0	6.5108	355.077	553.8444	0	0	0	0	342.8217	0	0	0	12.4716	0	0	0	0	0	0
TCGA-DX-A3U7-01A-11D-A29M-01	7.4176	30.6914	6.5841	6.6824	3.7391	0.5235	0	2.1116	3.6514	16.3516	2.08	4.1443	0	16.8204	6.6351	0	0.3792	60.7055	23.8135	6.5999	18.4532	4.6298
TCGA-DX-A3LS-01A-11D-A21P-01	1.6602	0	70.4066	40.0848	60.0105	77.951	41.9978	39.2272	26.138	0	0.3887	521.4154	0	5.9343	0	0	0	0	6.3273	44.7863	0	9.0599
TCGA-DX-AB3B-01A-11D-A416-01	0	0	0	0.6244	0	0.5895	0	0	0	2.9441	0	0	0	0	0	0	0	0	0	0	0	0
TCGA-QQ-A8VG-01A-11D-A37B-01	0	0	0	0.5459	0.3613	0	0	0	0	0	0	0	0	0	0	0	0	0	0	0.9522	0	0
TCGA-3B-A9HQ-01A-11D-A386-01	3.2175	0	0	0	0.8767	3.4042	0	0	0	0	0	0	0	0	3.3618	0	9.3891	0	0	0	0	0
TCGA-DX-AB2V-01A-11D-A416-01	29.5589	0	35.8493	1.5844	112.6653	13.4191	50.0413	16.1879	1.666	0	0	91.0988	0	99.8003	0	7.3947	15.8759	5.3359	9.3073	11.1696	6.8792	5.4844
TCGA-DX-A3UA-01A-12D-A306-01	3.3921	10.0771	6.7307	31.3833	3.1101	0	0	7.393	3.2089	0	0	3.1216	0	0	0	0.447	1.2813	0	2.8593	1.3383	0.26	0.4516
TCGA-HB-A2OT-01A-11D-A21P-01	1.3242	0	0	4.7078	5.2615	5.3273	4.6895	0	2.1351	2.2398	0	1.5881	9.1568	0.5941	0	5.6649	5.501	0	0	0.3014	0	1.4732
TCGA-MB-A5Y8-01A-11D-A29M-01	17.7947	5.9423	2.8481	2.8763	0.4191	4.2617	6.2894	2.5942	5.0917	1.4231	0.2597	1.3278	0	0	1.1104	0.3108	2.6315	0	0.3031	14.0455	5.6698	0
TCGA-3B-A9HU-01A-11D-A38Y-01	0	0.7903	0	0	0	0	0	0	0	0	0	0	1.228	0	0	0	3.834	0	1.5749	0	0	0
TCGA-LI-A67I-01A-31D-A306-01	9.0504	13.0945	0.458	7.743	3.7204	20.6817	0	0	8.3463	10.443	0.4722	0	1.9897	0	0.6471	0.353	4.0571	4.025	1.7807	1.5587	2.0154	0.3666
TCGA-X6-A8C2-01A-11D-A36I-01	99.229	9.299	22.4114	19.8672	62.8727	17.1396	12.8392	3.9649	1.0472	3.6308	0.5407	10.2368	3.435	0	0.5026	1.1386	14.7642	4.719	3.9981	5.0928	0	0
TCGA-JV-A75J-01A-11D-A32H-01	2.7724	35.9523	0	0	0	0.9839	21.3381	166.06	15.0824	52.6007	0	3.5716	0	0	13.2275	15.3762	6.9621	0	30.555	1.4789	27.2346	50.4566
TCGA-X6-A7WB-01A-11D-A350-01	23.8669	24.9742	6.185	3.0804	6.6511	5.8749	7.7353	3.9789	3.9121	1.3864	5.5979	4.3626	1.7668	0	0.4212	2.8332	6.2086	0	1.0195	13.3788	1.8459	4.2293
TCGA-WK-A8XQ-01A-11D-A37B-01	0	0.9461	0	0	0	0	0	1.451	0	1.5245	0	0	0	0	0	0	1.71	0	0	0	0	0
TCGA-K1-A6RV-01A-11D-A32H-01	43.7061	22.0712	17.9576	45.058	19.718	0.6574	1.6076	4.8815	17.3882	26.9091	9.9563	2.3313	6.8351	9.1249	2.0006	0	4.0223	2.5731	5.2599	1.2659	10.3938	0.6482
TCGA-DX-A3UD-01A-11D-A306-01	21.1701	0.7532	0.2719	0	21.6344	1.1344	0.2845	0.3116	7.5816	4.561	0	2.9141	0	2.6323	0.292	4.1695	0.2758	1.5208	3.6953	0.2901	0.3047	0.2914
TCGA-WP-A9GB-01A-11D-A37B-01	12.9964	0	16.2236	19.9569	11.5949	28.0274	20.853	26.7674	15.7614	5.7819	12.0486	5.0501	18.3647	0.5458	7.5955	3.9573	12.8458	11.0041	3.4104	0	7.6986	1.811
TCGA-DX-A6BA-01A-11D-A306-01	1.9149	14.3072	5.3225	1.8932	10.0493	1.5764	1.6822	8.1615	2.7206	0	0.4163	1.2651	0	0.4432	9.5044	4.7525	4.5708	0.9424	5.0469	1.7043	1.246	0
TCGA-X6-A8C6-01A-11D-A36I-01	52.5137	7.4048	32.0482	7.1581	7.1608	10.0793	40.9761	56.9124	158.8906	7.4228	0.6022	38.6712	0.3153	76.3937	13.986	0	1.9454	0	9.242	35.6635	1.7249	6.0971
TCGA-SI-AA8C-01A-11D-A386-01	1.7488	1.9488	18.0963	5.2119	0	2.1378	58.9095	2.2862	4.7151	2.1178	0	3.7117	0	1.4298	2.68	0.3369	5.8379	0	4.4672	6.2236	0.3116	0
TCGA-DX-A1KU-01A-32D-A24M-01	284.8823	6.7042	5.9968	0	19.1822	0	0	2.5081	6.3314	0.2751	217.6032	250.054	0	0	2.2677	0	0	4.5531	9.3325	4.4335	0	1.102
TCGA-IE-A4EH-01A-11D-A24M-01	2.953	6.2597	1.941	1.0216	3.0684	4.674	3.3761	1.3099	2.4804	0.5183	8.6114	0	2.2938	0.3406	1.4729	5.2454	5.2995	1.754	2.2114	1.3856	1.2305	0
TCGA-WK-A8XS-01A-11D-A37B-01	2.3759	1.5528	2.2944	1.2495	1.4035	24.1786	0	0	2.1373	0.8389	2.2972	0	1.5618	6.3883	0.6178	0.8536	13.2973	0.6659	2.5133	2.2119	0	0
TCGA-DX-A6B8-01A-11D-A306-01	39.9592	21.7644	2.5196	54.1468	24.3425	7.2865	18.4408	23.9233	45.5282	0	14.0397	0	11.1186	12.2313	0	0	17.8933	2.8511	13.7008	4.9092	6.0018	0
TCGA-KD-A5QU-01A-11D-A27O-01	7.3078	2.261	6.3029	2.9664	4.6843	14.4635	2.3815	8.8541	4.9094	8.6992	0	8.011	0	0	0	0.8979	9.8168	0	0.9834	7.5539	0	1.7059
TCGA-DX-A8BH-01A-11D-A37B-01	0	7.9033	89.6331	0.5607	13.2398	0	36.7065	23.9446	73.7776	0	5.6318	5.1526	0	2.2926	0	2.5434	1.0436	3.5646	1.8696	2.2995	1.6761	1.0586
TCGA-DX-A6YU-01A-12D-A33D-01	6.0027	8.4022	0	21.9992	16.6398	10.2451	12.5662	3.0227	6.7494	1.1455	1.6162	0.7258	0.328	0.4056	0	13.4706	9.0935	3.4764	1.449	10.4088	11.1563	0
TCGA-HS-A5N7-01A-21D-A26F-01	3.9398	0.7985	1.0451	1.124	2.3925	1.6921	1.9816	0.3533	1.0251	0	1.3184	0	0.4974	0.3581	1.0997	6.9883	8.2378	4.5017	0.9036	1.3426	0.6838	0.9454
TCGA-DX-A3LY-01B-11D-A27O-01	87.3162	41.4529	52.362	41.572	92.2569	5.5761	6.7874	62.6275	23.9662	0	0.374	1083.8424	8.0191	0	25.8109	0	4.4976	95.1605	0	21.2347	1.6789	0
TCGA-SG-A6Z4-01A-22D-A33D-01	9.9547	0.9184	19.8325	9.2604	0	4.1979	4.074	5.7526	3.9033	4.0848	4.2605	0	10.1175	3.029	4.1393	0.7322	5.2071	0	3.1863	4.4257	0	1.1316
TCGA-IS-A3K8-01A-11D-A21P-01	0	0	0	0	0	2.4469	0	0	0	0	0	0	0	0	0	0	0	0	0	0	0	0
TCGA-3B-A9HX-01A-11D-A38Y-01	1.3825	7.4612	4.8375	0.9259	0.4222	0	4.2449	2.2803	5.1284	1.1626	1.3191	0	7.9609	14.0943	1.1921	2.6101	2.7824	0	183.1238	0	1.4052	0.4555
TCGA-DX-A23Z-01A-11D-A27O-01	9.7021	118.1186	0	4.2113	59.7724	289.8504	24.3466	34.365	67.8808	182.559	339.8786	461.5487	29.6706	0	6.8595	0	0	1.3732	5.2355	0	0	0
TCGA-DX-A6Z2-01A-12D-A36I-01	1.0746	0	0	7.3531	0	0	0	16.9362	0	0.8067	0	0	0	0	0	0	0	0	0.2604	0	0	0
TCGA-DX-A6Z2-01A-12D-A40C-01	1.0746	0	0	7.3531	0	0	0	16.9362	0	0.8067	0	0	0	0	0	0	0	0	0.2604	0	0	0
TCGA-KD-A5QT-01A-11D-A27O-01	9.0723	5.3777	5.9448	0	0.4538	9.6994	4.4572	0	0	0	0	0	3.8402	0	0	1.0908	6.8001	0	1.934	0	5.7701	7.2805
TCGA-DX-A1L2-01A-22D-A24M-01	380.9796	3.7767	57.135	4.2251	47.893	2.4593	173.3162	8.3161	4.1047	0	0.3532	5.0124	0	9.4375	0.7218	0	14.6101	2.765	8.2483	0.3617	0	0.3692
TCGA-MB-A5Y9-01A-11D-A29M-01	0	0	0	13.9548	0.6272	4.7408	3.6724	3.4982	0	1.7903	10.4607	2.8844	16.7537	8.3749	0.6491	0	0.2584	0.5512	0	9.2509	0	0.7657
TCGA-DX-A3UE-01A-11D-A306-01	0	1.0875	0.2633	1.3246	1.4687	0	0.5741	0	0.2757	0	0	0	0.5698	0	0	0	1.1615	3.6388	2.4707	0.2758	0	0
TCGA-DX-A7EQ-01A-11D-A386-01	0	0	0	0	0	0	0	0	0	0	0	0	0	0	0	2.7176	0	0	0	0	0	0
TCGA-DX-A48U-01A-11D-A306-01	2.0701	0.2614	3.7479	0.2799	0.7702	0.522	0.2647	1.1886	1.5374	0	3.3752	0.5154	0.2894	0	0.2659	0.5198	1.1922	0	0.2713	0.8791	0.2636	0.2662
TCGA-DX-AB2E-01A-11D-A38Y-01	9.2469	1.8381	12.4082	6.7349	27.8112	3.3542	3.3674	24.232	26.311	4.941	6.1107	0.3159	0	0.8409	0	2.0411	0	0	2.6215	9.0548	1.1882	0
TCGA-IS-A3KA-01A-11D-A21P-01	0.5065	3.9185	0	12.7449	0.3227	58.726	6.1787	7.2334	2.5442	2.3689	6.5131	1.0312	1.2486	0.6153	2.9706	1.6362	4.8035	0.3153	2.8044	2.1715	0.5476	1.7967
TCGA-QQ-A8VH-01A-11D-A37B-01	5.3073	6.8925	0.5536	14.8108	5.505	0.5237	10.8568	69.6772	0.7821	10.7522	11.4729	4.3083	6.1425	41.6152	3.7612	0	6.2487	0	45.078	20.2926	59.7948	9.6773
TCGA-IE-A4EK-01A-11D-A24M-01	0	0	0	3.3536	0	1.0067	0	0	0	0	0.8038	0	0	0	0	0	0	0	2.019	0	0	2.1095